case_id,summary,ipc_section,offense_type,bailable,legal_status,case_type
1,Case involving robbery under IPC 392,392,robbery,no,undertrial,civil
2,Case involving theft under IPC 392,392,theft,no,convicted,fast-track
3,Case involving domestic under IPC 420,420,domestic,yes,undertrial,civil
4,Case involving robbery under IPC 420,420,robbery,no,bail,civil
5,Case involving trespass under IPC 420,420,trespass,no,bail,civil
6,Case involving robbery under IPC 392,392,robbery,no,undertrial,civil
7,Case involving theft under IPC 447,447,theft,no,bail,civil
8,Case involving trespass under IPC 447,447,trespass,no,undertrial,civil
9,Case involving robbery under IPC 498,498,robbery,yes,convicted,fast-track
10,Case involving theft under IPC 420,420,theft,yes,convicted,fast-track
11,Case involving fraud under IPC 392,392,fraud,no,bail,criminal
12,Case involving domestic under IPC 392,392,domestic,no,convicted,criminal
13,Case involving domestic under IPC 498,498,domestic,yes,convicted,civil
14,Case involving robbery under IPC 392,392,robbery,yes,undertrial,civil
15,Case involving fraud under IPC 420,420,fraud,no,undertrial,civil
16,Case involving robbery under IPC 392,392,robbery,yes,undertrial,civil
17,Case involving trespass under IPC 498,498,trespass,yes,bail,civil
18,Case involving fraud under IPC 392,392,fraud,yes,bail,criminal
19,Case involving trespass under IPC 498,498,trespass,yes,bail,civil
20,Case involving robbery under IPC 447,447,robbery,no,undertrial,criminal
21,Case involving fraud under IPC 392,392,fraud,no,convicted,criminal
22,Case involving domestic under IPC 420,420,domestic,no,undertrial,civil
23,Case involving trespass under IPC 392,392,trespass,yes,undertrial,fast-track
24,Case involving domestic under IPC 447,447,domestic,yes,undertrial,criminal
25,Case involving theft under IPC 392,392,theft,yes,convicted,civil
26,Case involving trespass under IPC 447,447,trespass,no,convicted,fast-track
27,Case involving domestic under IPC 420,420,domestic,yes,undertrial,civil
28,Case involving domestic under IPC 447,447,domestic,no,undertrial,criminal
29,Case involving trespass under IPC 420,420,trespass,yes,undertrial,criminal
30,Case involving robbery under IPC 392,392,robbery,no,bail,fast-track
31,Case involving robbery under IPC 447,447,robbery,yes,convicted,civil
32,Case involving domestic under IPC 420,420,domestic,yes,undertrial,fast-track
33,Case involving trespass under IPC 420,420,trespass,yes,bail,civil
34,Case involving robbery under IPC 447,447,robbery,no,undertrial,criminal
35,Case involving domestic under IPC 498,498,domestic,no,undertrial,civil
36,Case involving robbery under IPC 379,379,robbery,no,bail,fast-track
37,Case involving theft under IPC 379,379,theft,yes,undertrial,civil
38,Case involving robbery under IPC 420,420,robbery,no,convicted,criminal
39,Case involving trespass under IPC 392,392,trespass,yes,bail,fast-track
40,Case involving fraud under IPC 498,498,fraud,yes,convicted,civil
41,Case involving theft under IPC 392,392,theft,no,undertrial,civil
42,Case involving robbery under IPC 392,392,robbery,no,undertrial,criminal
43,Case involving theft under IPC 498,498,theft,no,bail,fast-track
44,Case involving theft under IPC 420,420,theft,yes,bail,fast-track
45,Case involving fraud under IPC 420,420,fraud,no,bail,criminal
46,Case involving domestic under IPC 379,379,domestic,no,undertrial,criminal
47,Case involving domestic under IPC 420,420,domestic,yes,convicted,civil
48,Case involving robbery under IPC 420,420,robbery,yes,undertrial,criminal
49,Case involving domestic under IPC 392,392,domestic,yes,undertrial,fast-track
50,Case involving robbery under IPC 420,420,robbery,yes,undertrial,fast-track
51,Case involving fraud under IPC 498,498,fraud,no,bail,civil
52,Case involving robbery under IPC 420,420,robbery,no,undertrial,civil
53,Case involving domestic under IPC 420,420,domestic,no,convicted,criminal
54,Case involving domestic under IPC 420,420,domestic,no,convicted,criminal
55,Case involving trespass under IPC 392,392,trespass,yes,undertrial,civil
56,Case involving robbery under IPC 498,498,robbery,yes,bail,civil
57,Case involving theft under IPC 379,379,theft,yes,undertrial,civil
58,Case involving fraud under IPC 447,447,fraud,no,bail,criminal
59,Case involving trespass under IPC 498,498,trespass,no,undertrial,fast-track
60,Case involving trespass under IPC 420,420,trespass,yes,undertrial,civil
61,Case involving domestic under IPC 379,379,domestic,no,convicted,criminal
62,Case involving fraud under IPC 498,498,fraud,no,bail,fast-track
63,Case involving fraud under IPC 420,420,fraud,no,convicted,fast-track
64,Case involving trespass under IPC 392,392,trespass,no,undertrial,fast-track
65,Case involving robbery under IPC 447,447,robbery,yes,bail,civil
66,Case involving fraud under IPC 392,392,fraud,no,bail,civil
67,Case involving theft under IPC 392,392,theft,yes,bail,civil
68,Case involving fraud under IPC 392,392,fraud,yes,convicted,fast-track
69,Case involving robbery under IPC 498,498,robbery,no,bail,fast-track
70,Case involving theft under IPC 420,420,theft,no,bail,fast-track
71,Case involving robbery under IPC 420,420,robbery,yes,bail,criminal
72,Case involving domestic under IPC 447,447,domestic,yes,convicted,criminal
73,Case involving theft under IPC 379,379,theft,no,undertrial,criminal
74,Case involving trespass under IPC 392,392,trespass,yes,undertrial,criminal
75,Case involving domestic under IPC 498,498,domestic,yes,undertrial,fast-track
76,Case involving robbery under IPC 420,420,robbery,no,bail,civil
77,Case involving domestic under IPC 392,392,domestic,no,undertrial,criminal
78,Case involving domestic under IPC 498,498,domestic,yes,undertrial,fast-track
79,Case involving domestic under IPC 498,498,domestic,yes,undertrial,criminal
80,Case involving fraud under IPC 379,379,fraud,yes,bail,civil
81,Case involving fraud under IPC 447,447,fraud,no,undertrial,civil
82,Case involving fraud under IPC 498,498,fraud,yes,convicted,criminal
83,Case involving fraud under IPC 392,392,fraud,yes,undertrial,civil
84,Case involving theft under IPC 392,392,theft,no,bail,criminal
85,Case involving fraud under IPC 447,447,fraud,no,bail,civil
86,Case involving theft under IPC 447,447,theft,no,bail,civil
87,Case involving fraud under IPC 392,392,fraud,yes,undertrial,fast-track
88,Case involving robbery under IPC 447,447,robbery,no,bail,fast-track
89,Case involving domestic under IPC 392,392,domestic,no,undertrial,fast-track
90,Case involving fraud under IPC 447,447,fraud,no,convicted,fast-track
91,Case involving domestic under IPC 447,447,domestic,yes,convicted,civil
92,Case involving trespass under IPC 447,447,trespass,no,undertrial,criminal
93,Case involving domestic under IPC 447,447,domestic,no,convicted,civil
94,Case involving theft under IPC 379,379,theft,no,undertrial,criminal
95,Case involving fraud under IPC 420,420,fraud,yes,undertrial,fast-track
96,Case involving domestic under IPC 498,498,domestic,no,bail,civil
97,Case involving theft under IPC 379,379,theft,no,bail,criminal
98,Case involving domestic under IPC 447,447,domestic,no,bail,civil
99,Case involving trespass under IPC 420,420,trespass,yes,bail,fast-track
100,Case involving fraud under IPC 392,392,fraud,yes,convicted,fast-track
101,Case involving fraud under IPC 379,379,fraud,no,convicted,criminal
102,Case involving fraud under IPC 498,498,fraud,yes,bail,civil
103,Case involving theft under IPC 392,392,theft,no,bail,criminal
104,Case involving domestic under IPC 498,498,domestic,yes,bail,fast-track
105,Case involving domestic under IPC 420,420,domestic,yes,convicted,fast-track
106,Case involving domestic under IPC 379,379,domestic,yes,undertrial,fast-track
107,Case involving theft under IPC 498,498,theft,yes,bail,fast-track
108,Case involving theft under IPC 498,498,theft,yes,bail,fast-track
109,Case involving fraud under IPC 392,392,fraud,yes,convicted,criminal
110,Case involving domestic under IPC 447,447,domestic,no,convicted,fast-track
111,Case involving trespass under IPC 447,447,trespass,no,bail,criminal
112,Case involving trespass under IPC 498,498,trespass,yes,convicted,fast-track
113,Case involving fraud under IPC 498,498,fraud,yes,convicted,criminal
114,Case involving trespass under IPC 392,392,trespass,no,undertrial,civil
115,Case involving trespass under IPC 420,420,trespass,yes,convicted,criminal
116,Case involving robbery under IPC 420,420,robbery,yes,undertrial,criminal
117,Case involving fraud under IPC 447,447,fraud,yes,bail,criminal
118,Case involving theft under IPC 447,447,theft,no,bail,civil
119,Case involving robbery under IPC 498,498,robbery,yes,bail,fast-track
120,Case involving trespass under IPC 392,392,trespass,yes,bail,civil
121,Case involving trespass under IPC 392,392,trespass,no,convicted,fast-track
122,Case involving fraud under IPC 379,379,fraud,yes,undertrial,civil
123,Case involving domestic under IPC 498,498,domestic,yes,bail,civil
124,Case involving theft under IPC 420,420,theft,no,bail,fast-track
125,Case involving robbery under IPC 379,379,robbery,no,undertrial,fast-track
126,Case involving theft under IPC 498,498,theft,no,bail,civil
127,Case involving trespass under IPC 447,447,trespass,no,bail,civil
128,Case involving theft under IPC 379,379,theft,no,bail,criminal
129,Case involving fraud under IPC 498,498,fraud,yes,bail,criminal
130,Case involving domestic under IPC 498,498,domestic,yes,undertrial,criminal
131,Case involving domestic under IPC 498,498,domestic,no,undertrial,civil
132,Case involving theft under IPC 447,447,theft,no,convicted,criminal
133,Case involving fraud under IPC 392,392,fraud,yes,convicted,criminal
134,Case involving trespass under IPC 447,447,trespass,yes,bail,fast-track
135,Case involving trespass under IPC 498,498,trespass,yes,bail,fast-track
136,Case involving fraud under IPC 379,379,fraud,yes,bail,criminal
137,Case involving theft under IPC 420,420,theft,no,bail,fast-track
138,Case involving domestic under IPC 379,379,domestic,no,bail,civil
139,Case involving domestic under IPC 379,379,domestic,no,bail,fast-track
140,Case involving theft under IPC 420,420,theft,yes,undertrial,criminal
141,Case involving trespass under IPC 392,392,trespass,yes,bail,fast-track
142,Case involving theft under IPC 392,392,theft,yes,undertrial,criminal
143,Case involving theft under IPC 420,420,theft,no,bail,fast-track
144,Case involving fraud under IPC 392,392,fraud,yes,convicted,fast-track
145,Case involving trespass under IPC 447,447,trespass,no,undertrial,civil
146,Case involving trespass under IPC 392,392,trespass,yes,bail,fast-track
147,Case involving trespass under IPC 379,379,trespass,yes,undertrial,civil
148,Case involving domestic under IPC 498,498,domestic,no,convicted,criminal
149,Case involving robbery under IPC 379,379,robbery,yes,undertrial,fast-track
150,Case involving trespass under IPC 379,379,trespass,yes,undertrial,civil
151,Case involving robbery under IPC 379,379,robbery,yes,convicted,civil
152,Case involving robbery under IPC 420,420,robbery,no,convicted,criminal
153,Case involving robbery under IPC 379,379,robbery,yes,convicted,fast-track
154,Case involving theft under IPC 498,498,theft,yes,convicted,criminal
155,Case involving trespass under IPC 498,498,trespass,yes,undertrial,civil
156,Case involving robbery under IPC 379,379,robbery,no,bail,civil
157,Case involving robbery under IPC 392,392,robbery,yes,bail,fast-track
158,Case involving trespass under IPC 447,447,trespass,yes,convicted,civil
159,Case involving robbery under IPC 392,392,robbery,no,undertrial,fast-track
160,Case involving fraud under IPC 447,447,fraud,yes,bail,civil
161,Case involving robbery under IPC 498,498,robbery,yes,undertrial,fast-track
162,Case involving domestic under IPC 379,379,domestic,no,bail,criminal
163,Case involving fraud under IPC 447,447,fraud,no,undertrial,fast-track
164,Case involving trespass under IPC 379,379,trespass,no,undertrial,criminal
165,Case involving domestic under IPC 447,447,domestic,no,convicted,fast-track
166,Case involving robbery under IPC 420,420,robbery,no,convicted,criminal
167,Case involving trespass under IPC 392,392,trespass,yes,undertrial,civil
168,Case involving fraud under IPC 447,447,fraud,no,undertrial,criminal
169,Case involving robbery under IPC 392,392,robbery,yes,convicted,criminal
170,Case involving theft under IPC 392,392,theft,no,convicted,civil
171,Case involving fraud under IPC 379,379,fraud,no,convicted,criminal
172,Case involving fraud under IPC 379,379,fraud,yes,bail,fast-track
173,Case involving theft under IPC 447,447,theft,no,convicted,criminal
174,Case involving domestic under IPC 447,447,domestic,no,undertrial,civil
175,Case involving trespass under IPC 379,379,trespass,yes,undertrial,civil
176,Case involving robbery under IPC 498,498,robbery,yes,bail,criminal
177,Case involving theft under IPC 392,392,theft,yes,convicted,criminal
178,Case involving domestic under IPC 392,392,domestic,no,convicted,civil
179,Case involving theft under IPC 392,392,theft,no,bail,fast-track
180,Case involving domestic under IPC 420,420,domestic,no,bail,criminal
181,Case involving theft under IPC 379,379,theft,yes,bail,criminal
182,Case involving theft under IPC 498,498,theft,yes,bail,criminal
183,Case involving theft under IPC 498,498,theft,no,undertrial,fast-track
184,Case involving trespass under IPC 447,447,trespass,yes,convicted,criminal
185,Case involving trespass under IPC 447,447,trespass,no,undertrial,fast-track
186,Case involving theft under IPC 420,420,theft,no,convicted,civil
187,Case involving robbery under IPC 498,498,robbery,no,convicted,criminal
188,Case involving robbery under IPC 420,420,robbery,no,undertrial,criminal
189,Case involving trespass under IPC 498,498,trespass,no,undertrial,civil
190,Case involving domestic under IPC 498,498,domestic,yes,bail,civil
191,Case involving robbery under IPC 420,420,robbery,no,convicted,criminal
192,Case involving domestic under IPC 392,392,domestic,no,bail,criminal
193,Case involving theft under IPC 379,379,theft,yes,undertrial,civil
194,Case involving theft under IPC 379,379,theft,yes,convicted,criminal
195,Case involving trespass under IPC 447,447,trespass,no,bail,criminal
196,Case involving robbery under IPC 392,392,robbery,no,undertrial,criminal
197,Case involving domestic under IPC 392,392,domestic,yes,undertrial,fast-track
198,Case involving theft under IPC 498,498,theft,no,undertrial,fast-track
199,Case involving theft under IPC 420,420,theft,no,convicted,fast-track
200,Case involving theft under IPC 447,447,theft,no,bail,civil
201,Case involving domestic under IPC 392,392,domestic,yes,bail,criminal
202,Case involving theft under IPC 447,447,theft,no,bail,criminal
203,Case involving fraud under IPC 420,420,fraud,no,undertrial,fast-track
204,Case involving trespass under IPC 392,392,trespass,yes,undertrial,civil
205,Case involving robbery under IPC 447,447,robbery,yes,bail,civil
206,Case involving fraud under IPC 392,392,fraud,yes,undertrial,civil
207,Case involving robbery under IPC 379,379,robbery,no,bail,fast-track
208,Case involving domestic under IPC 379,379,domestic,yes,undertrial,civil
209,Case involving domestic under IPC 498,498,domestic,yes,convicted,criminal
210,Case involving theft under IPC 392,392,theft,yes,undertrial,civil
211,Case involving robbery under IPC 420,420,robbery,no,convicted,civil
212,Case involving domestic under IPC 392,392,domestic,no,undertrial,civil
213,Case involving fraud under IPC 420,420,fraud,no,bail,criminal
214,Case involving fraud under IPC 447,447,fraud,yes,bail,civil
215,Case involving trespass under IPC 498,498,trespass,no,undertrial,fast-track
216,Case involving theft under IPC 447,447,theft,no,undertrial,fast-track
217,Case involving robbery under IPC 498,498,robbery,yes,convicted,fast-track
218,Case involving domestic under IPC 447,447,domestic,yes,bail,fast-track
219,Case involving theft under IPC 420,420,theft,yes,undertrial,criminal
220,Case involving theft under IPC 498,498,theft,no,undertrial,criminal
221,Case involving robbery under IPC 447,447,robbery,no,undertrial,civil
222,Case involving domestic under IPC 447,447,domestic,no,undertrial,criminal
223,Case involving theft under IPC 420,420,theft,no,convicted,fast-track
224,Case involving theft under IPC 420,420,theft,yes,undertrial,criminal
225,Case involving robbery under IPC 498,498,robbery,yes,undertrial,fast-track
226,Case involving trespass under IPC 392,392,trespass,no,convicted,criminal
227,Case involving theft under IPC 447,447,theft,yes,bail,civil
228,Case involving fraud under IPC 447,447,fraud,yes,bail,civil
229,Case involving fraud under IPC 392,392,fraud,no,bail,fast-track
230,Case involving trespass under IPC 447,447,trespass,yes,convicted,fast-track
231,Case involving trespass under IPC 447,447,trespass,yes,undertrial,criminal
232,Case involving trespass under IPC 392,392,trespass,yes,bail,civil
233,Case involving fraud under IPC 420,420,fraud,no,undertrial,fast-track
234,Case involving domestic under IPC 447,447,domestic,yes,convicted,civil
235,Case involving trespass under IPC 447,447,trespass,yes,bail,fast-track
236,Case involving trespass under IPC 447,447,trespass,yes,undertrial,fast-track
237,Case involving fraud under IPC 379,379,fraud,yes,bail,fast-track
238,Case involving trespass under IPC 379,379,trespass,no,convicted,civil
239,Case involving fraud under IPC 379,379,fraud,yes,undertrial,criminal
240,Case involving domestic under IPC 498,498,domestic,yes,undertrial,fast-track
241,Case involving domestic under IPC 498,498,domestic,no,bail,fast-track
242,Case involving fraud under IPC 420,420,fraud,yes,undertrial,civil
243,Case involving robbery under IPC 447,447,robbery,yes,convicted,fast-track
244,Case involving theft under IPC 498,498,theft,no,convicted,fast-track
245,Case involving domestic under IPC 420,420,domestic,no,bail,criminal
246,Case involving fraud under IPC 379,379,fraud,no,bail,fast-track
247,Case involving fraud under IPC 447,447,fraud,yes,undertrial,criminal
248,Case involving robbery under IPC 447,447,robbery,no,undertrial,civil
249,Case involving domestic under IPC 447,447,domestic,no,undertrial,civil
250,Case involving robbery under IPC 498,498,robbery,yes,convicted,fast-track
251,Case involving robbery under IPC 392,392,robbery,yes,undertrial,criminal
252,Case involving fraud under IPC 447,447,fraud,yes,bail,fast-track
253,Case involving fraud under IPC 379,379,fraud,no,bail,fast-track
254,Case involving domestic under IPC 392,392,domestic,no,undertrial,criminal
255,Case involving domestic under IPC 379,379,domestic,yes,bail,fast-track
256,Case involving domestic under IPC 447,447,domestic,yes,bail,fast-track
257,Case involving fraud under IPC 392,392,fraud,yes,bail,fast-track
258,Case involving fraud under IPC 447,447,fraud,yes,convicted,civil
259,Case involving domestic under IPC 498,498,domestic,yes,undertrial,civil
260,Case involving fraud under IPC 392,392,fraud,yes,convicted,criminal
261,Case involving domestic under IPC 392,392,domestic,no,convicted,civil
262,Case involving fraud under IPC 392,392,fraud,yes,undertrial,criminal
263,Case involving robbery under IPC 379,379,robbery,yes,bail,criminal
264,Case involving fraud under IPC 420,420,fraud,no,bail,civil
265,Case involving domestic under IPC 447,447,domestic,no,undertrial,fast-track
266,Case involving trespass under IPC 447,447,trespass,yes,bail,criminal
267,Case involving fraud under IPC 498,498,fraud,no,convicted,criminal
268,Case involving fraud under IPC 379,379,fraud,no,undertrial,fast-track
269,Case involving theft under IPC 498,498,theft,no,convicted,fast-track
270,Case involving trespass under IPC 379,379,trespass,yes,bail,civil
271,Case involving theft under IPC 447,447,theft,no,undertrial,civil
272,Case involving robbery under IPC 379,379,robbery,yes,undertrial,criminal
273,Case involving theft under IPC 498,498,theft,no,convicted,civil
274,Case involving robbery under IPC 498,498,robbery,yes,undertrial,fast-track
275,Case involving fraud under IPC 498,498,fraud,no,bail,civil
276,Case involving trespass under IPC 498,498,trespass,yes,bail,fast-track
277,Case involving domestic under IPC 420,420,domestic,no,convicted,criminal
278,Case involving robbery under IPC 498,498,robbery,no,undertrial,civil
279,Case involving theft under IPC 420,420,theft,no,convicted,fast-track
280,Case involving trespass under IPC 498,498,trespass,yes,convicted,civil
281,Case involving domestic under IPC 498,498,domestic,yes,convicted,criminal
282,Case involving trespass under IPC 447,447,trespass,yes,undertrial,criminal
283,Case involving robbery under IPC 498,498,robbery,no,undertrial,criminal
284,Case involving trespass under IPC 420,420,trespass,no,bail,civil
285,Case involving domestic under IPC 498,498,domestic,yes,convicted,criminal
286,Case involving domestic under IPC 498,498,domestic,no,undertrial,civil
287,Case involving fraud under IPC 379,379,fraud,yes,undertrial,fast-track
288,Case involving domestic under IPC 498,498,domestic,yes,undertrial,criminal
289,Case involving theft under IPC 420,420,theft,yes,bail,civil
290,Case involving theft under IPC 498,498,theft,no,convicted,fast-track
291,Case involving theft under IPC 498,498,theft,yes,bail,fast-track
292,Case involving fraud under IPC 447,447,fraud,yes,bail,criminal
293,Case involving theft under IPC 392,392,theft,yes,convicted,civil
294,Case involving fraud under IPC 379,379,fraud,yes,convicted,civil
295,Case involving theft under IPC 392,392,theft,yes,bail,criminal
296,Case involving fraud under IPC 420,420,fraud,no,undertrial,criminal
297,Case involving domestic under IPC 420,420,domestic,yes,bail,civil
298,Case involving domestic under IPC 420,420,domestic,yes,convicted,fast-track
299,Case involving trespass under IPC 498,498,trespass,yes,undertrial,fast-track
300,Case involving theft under IPC 379,379,theft,no,convicted,criminal
301,Case involving theft under IPC 392,392,theft,yes,bail,civil
302,Case involving trespass under IPC 420,420,trespass,yes,convicted,fast-track
303,Case involving trespass under IPC 447,447,trespass,no,convicted,criminal
304,Case involving domestic under IPC 420,420,domestic,no,undertrial,fast-track
305,Case involving trespass under IPC 379,379,trespass,yes,bail,fast-track
306,Case involving robbery under IPC 498,498,robbery,no,bail,criminal
307,Case involving theft under IPC 447,447,theft,no,bail,civil
308,Case involving domestic under IPC 392,392,domestic,no,undertrial,criminal
309,Case involving fraud under IPC 420,420,fraud,no,undertrial,fast-track
310,Case involving theft under IPC 420,420,theft,yes,bail,criminal
311,Case involving theft under IPC 379,379,theft,yes,undertrial,fast-track
312,Case involving fraud under IPC 498,498,fraud,no,undertrial,criminal
313,Case involving trespass under IPC 447,447,trespass,yes,bail,criminal
314,Case involving fraud under IPC 498,498,fraud,no,convicted,civil
315,Case involving theft under IPC 379,379,theft,yes,undertrial,criminal
316,Case involving theft under IPC 379,379,theft,no,bail,fast-track
317,Case involving fraud under IPC 447,447,fraud,yes,bail,fast-track
318,Case involving trespass under IPC 379,379,trespass,no,convicted,fast-track
319,Case involving trespass under IPC 379,379,trespass,yes,undertrial,fast-track
320,Case involving domestic under IPC 447,447,domestic,no,convicted,fast-track
321,Case involving domestic under IPC 392,392,domestic,no,convicted,fast-track
322,Case involving robbery under IPC 498,498,robbery,yes,undertrial,criminal
323,Case involving trespass under IPC 392,392,trespass,yes,undertrial,criminal
324,Case involving domestic under IPC 498,498,domestic,yes,convicted,civil
325,Case involving theft under IPC 420,420,theft,no,convicted,civil
326,Case involving theft under IPC 420,420,theft,no,bail,civil
327,Case involving domestic under IPC 498,498,domestic,yes,bail,criminal
328,Case involving theft under IPC 379,379,theft,no,bail,fast-track
329,Case involving fraud under IPC 420,420,fraud,yes,undertrial,criminal
330,Case involving fraud under IPC 379,379,fraud,yes,convicted,civil
331,Case involving domestic under IPC 379,379,domestic,yes,undertrial,fast-track
332,Case involving trespass under IPC 379,379,trespass,yes,undertrial,criminal
333,Case involving robbery under IPC 420,420,robbery,yes,bail,fast-track
334,Case involving fraud under IPC 447,447,fraud,no,undertrial,criminal
335,Case involving fraud under IPC 420,420,fraud,yes,undertrial,criminal
336,Case involving trespass under IPC 498,498,trespass,yes,bail,criminal
337,Case involving fraud under IPC 447,447,fraud,yes,convicted,criminal
338,Case involving theft under IPC 498,498,theft,no,undertrial,fast-track
339,Case involving robbery under IPC 392,392,robbery,yes,convicted,civil
340,Case involving robbery under IPC 392,392,robbery,no,bail,civil
341,Case involving robbery under IPC 392,392,robbery,yes,bail,civil
342,Case involving robbery under IPC 420,420,robbery,no,convicted,criminal
343,Case involving fraud under IPC 420,420,fraud,no,bail,civil
344,Case involving theft under IPC 379,379,theft,yes,convicted,fast-track
345,Case involving robbery under IPC 392,392,robbery,no,undertrial,fast-track
346,Case involving trespass under IPC 420,420,trespass,no,convicted,civil
347,Case involving fraud under IPC 392,392,fraud,yes,convicted,civil
348,Case involving domestic under IPC 498,498,domestic,yes,convicted,criminal
349,Case involving domestic under IPC 392,392,domestic,no,undertrial,criminal
350,Case involving robbery under IPC 392,392,robbery,no,bail,fast-track
351,Case involving theft under IPC 420,420,theft,yes,bail,criminal
352,Case involving theft under IPC 498,498,theft,yes,undertrial,civil
353,Case involving fraud under IPC 420,420,fraud,yes,undertrial,fast-track
354,Case involving domestic under IPC 379,379,domestic,yes,bail,civil
355,Case involving theft under IPC 447,447,theft,no,undertrial,criminal
356,Case involving fraud under IPC 447,447,fraud,no,bail,criminal
357,Case involving robbery under IPC 420,420,robbery,no,convicted,fast-track
358,Case involving robbery under IPC 392,392,robbery,no,convicted,civil
359,Case involving theft under IPC 447,447,theft,no,undertrial,civil
360,Case involving fraud under IPC 447,447,fraud,yes,undertrial,civil
361,Case involving theft under IPC 392,392,theft,yes,convicted,fast-track
362,Case involving robbery under IPC 420,420,robbery,yes,undertrial,civil
363,Case involving fraud under IPC 379,379,fraud,no,bail,fast-track
364,Case involving robbery under IPC 498,498,robbery,no,undertrial,civil
365,Case involving trespass under IPC 420,420,trespass,no,undertrial,civil
366,Case involving robbery under IPC 392,392,robbery,no,bail,civil
367,Case involving trespass under IPC 498,498,trespass,no,undertrial,civil
368,Case involving fraud under IPC 498,498,fraud,no,bail,civil
369,Case involving trespass under IPC 447,447,trespass,yes,convicted,civil
370,Case involving fraud under IPC 379,379,fraud,yes,convicted,civil
371,Case involving fraud under IPC 447,447,fraud,yes,convicted,criminal
372,Case involving robbery under IPC 392,392,robbery,yes,undertrial,fast-track
373,Case involving trespass under IPC 498,498,trespass,no,undertrial,civil
374,Case involving domestic under IPC 498,498,domestic,yes,bail,civil
375,Case involving trespass under IPC 379,379,trespass,yes,undertrial,fast-track
376,Case involving fraud under IPC 420,420,fraud,no,convicted,criminal
377,Case involving robbery under IPC 420,420,robbery,yes,bail,civil
378,Case involving theft under IPC 447,447,theft,yes,undertrial,fast-track
379,Case involving robbery under IPC 379,379,robbery,no,bail,criminal
380,Case involving theft under IPC 420,420,theft,yes,convicted,civil
381,Case involving domestic under IPC 379,379,domestic,no,undertrial,criminal
382,Case involving theft under IPC 447,447,theft,yes,convicted,fast-track
383,Case involving domestic under IPC 379,379,domestic,no,convicted,fast-track
384,Case involving robbery under IPC 447,447,robbery,yes,undertrial,civil
385,Case involving trespass under IPC 379,379,trespass,yes,convicted,criminal
386,Case involving trespass under IPC 392,392,trespass,no,undertrial,fast-track
387,Case involving fraud under IPC 392,392,fraud,yes,bail,criminal
388,Case involving domestic under IPC 379,379,domestic,yes,undertrial,civil
389,Case involving robbery under IPC 498,498,robbery,no,bail,civil
390,Case involving theft under IPC 392,392,theft,no,bail,criminal
391,Case involving trespass under IPC 498,498,trespass,no,bail,fast-track
392,Case involving theft under IPC 379,379,theft,no,undertrial,civil
393,Case involving domestic under IPC 447,447,domestic,no,undertrial,civil
394,Case involving fraud under IPC 420,420,fraud,no,convicted,criminal
395,Case involving theft under IPC 447,447,theft,no,convicted,criminal
396,Case involving fraud under IPC 447,447,fraud,no,bail,criminal
397,Case involving theft under IPC 420,420,theft,yes,bail,civil
398,Case involving trespass under IPC 420,420,trespass,no,bail,civil
399,Case involving robbery under IPC 379,379,robbery,yes,bail,criminal
400,Case involving robbery under IPC 420,420,robbery,no,undertrial,civil
401,Case involving robbery under IPC 498,498,robbery,no,convicted,civil
402,Case involving domestic under IPC 420,420,domestic,yes,bail,criminal
403,Case involving domestic under IPC 379,379,domestic,yes,convicted,criminal
404,Case involving trespass under IPC 379,379,trespass,yes,undertrial,civil
405,Case involving trespass under IPC 447,447,trespass,no,convicted,civil
406,Case involving theft under IPC 447,447,theft,yes,convicted,fast-track
407,Case involving domestic under IPC 379,379,domestic,no,convicted,fast-track
408,Case involving domestic under IPC 379,379,domestic,yes,convicted,criminal
409,Case involving trespass under IPC 420,420,trespass,no,bail,fast-track
410,Case involving fraud under IPC 498,498,fraud,yes,bail,fast-track
411,Case involving domestic under IPC 447,447,domestic,no,bail,criminal
412,Case involving theft under IPC 447,447,theft,yes,bail,fast-track
413,Case involving robbery under IPC 420,420,robbery,yes,bail,criminal
414,Case involving fraud under IPC 392,392,fraud,yes,undertrial,civil
415,Case involving fraud under IPC 498,498,fraud,no,bail,civil
416,Case involving theft under IPC 379,379,theft,yes,undertrial,fast-track
417,Case involving theft under IPC 379,379,theft,yes,bail,civil
418,Case involving theft under IPC 498,498,theft,no,undertrial,fast-track
419,Case involving fraud under IPC 420,420,fraud,no,bail,criminal
420,Case involving domestic under IPC 379,379,domestic,no,bail,criminal
421,Case involving theft under IPC 392,392,theft,yes,bail,fast-track
422,Case involving trespass under IPC 420,420,trespass,no,bail,criminal
423,Case involving theft under IPC 420,420,theft,yes,undertrial,criminal
424,Case involving robbery under IPC 420,420,robbery,yes,bail,criminal
425,Case involving theft under IPC 420,420,theft,yes,convicted,criminal
426,Case involving domestic under IPC 498,498,domestic,no,convicted,civil
427,Case involving fraud under IPC 498,498,fraud,yes,convicted,civil
428,Case involving robbery under IPC 392,392,robbery,yes,bail,fast-track
429,Case involving trespass under IPC 392,392,trespass,no,convicted,criminal
430,Case involving robbery under IPC 379,379,robbery,yes,convicted,civil
431,Case involving theft under IPC 379,379,theft,no,bail,fast-track
432,Case involving domestic under IPC 447,447,domestic,no,bail,civil
433,Case involving fraud under IPC 420,420,fraud,no,undertrial,criminal
434,Case involving theft under IPC 392,392,theft,yes,undertrial,criminal
435,Case involving theft under IPC 420,420,theft,no,bail,civil
436,Case involving theft under IPC 447,447,theft,yes,bail,criminal
437,Case involving robbery under IPC 498,498,robbery,no,convicted,criminal
438,Case involving robbery under IPC 420,420,robbery,yes,bail,criminal
439,Case involving robbery under IPC 392,392,robbery,no,convicted,fast-track
440,Case involving domestic under IPC 420,420,domestic,no,convicted,civil
441,Case involving trespass under IPC 420,420,trespass,yes,convicted,civil
442,Case involving theft under IPC 498,498,theft,no,undertrial,criminal
443,Case involving fraud under IPC 447,447,fraud,yes,convicted,civil
444,Case involving trespass under IPC 392,392,trespass,no,bail,criminal
445,Case involving theft under IPC 447,447,theft,yes,convicted,fast-track
446,Case involving theft under IPC 420,420,theft,no,convicted,fast-track
447,Case involving fraud under IPC 392,392,fraud,no,bail,civil
448,Case involving theft under IPC 447,447,theft,yes,bail,civil
449,Case involving theft under IPC 420,420,theft,no,undertrial,fast-track
450,Case involving robbery under IPC 379,379,robbery,no,undertrial,fast-track
451,Case involving robbery under IPC 498,498,robbery,no,convicted,civil
452,Case involving domestic under IPC 447,447,domestic,no,convicted,criminal
453,Case involving trespass under IPC 379,379,trespass,yes,undertrial,civil
454,Case involving theft under IPC 392,392,theft,yes,undertrial,fast-track
455,Case involving theft under IPC 420,420,theft,no,convicted,civil
456,Case involving domestic under IPC 392,392,domestic,yes,bail,criminal
457,Case involving trespass under IPC 392,392,trespass,yes,undertrial,fast-track
458,Case involving fraud under IPC 379,379,fraud,yes,undertrial,civil
459,Case involving domestic under IPC 420,420,domestic,no,convicted,fast-track
460,Case involving theft under IPC 420,420,theft,yes,bail,fast-track
461,Case involving domestic under IPC 379,379,domestic,no,bail,civil
462,Case involving robbery under IPC 379,379,robbery,no,convicted,criminal
463,Case involving theft under IPC 392,392,theft,yes,undertrial,criminal
464,Case involving domestic under IPC 379,379,domestic,no,convicted,civil
465,Case involving trespass under IPC 392,392,trespass,yes,convicted,criminal
466,Case involving trespass under IPC 447,447,trespass,yes,convicted,civil
467,Case involving robbery under IPC 420,420,robbery,yes,bail,civil
468,Case involving domestic under IPC 498,498,domestic,yes,undertrial,civil
469,Case involving fraud under IPC 420,420,fraud,yes,undertrial,criminal
470,Case involving domestic under IPC 420,420,domestic,no,convicted,fast-track
471,Case involving theft under IPC 498,498,theft,no,bail,civil
472,Case involving robbery under IPC 447,447,robbery,yes,bail,civil
473,Case involving trespass under IPC 498,498,trespass,no,bail,criminal
474,Case involving domestic under IPC 420,420,domestic,no,bail,civil
475,Case involving robbery under IPC 379,379,robbery,yes,bail,civil
476,Case involving robbery under IPC 447,447,robbery,no,convicted,fast-track
477,Case involving fraud under IPC 447,447,fraud,yes,undertrial,civil
478,Case involving trespass under IPC 420,420,trespass,yes,convicted,criminal
479,Case involving fraud under IPC 447,447,fraud,no,bail,fast-track
480,Case involving domestic under IPC 392,392,domestic,yes,bail,criminal
481,Case involving domestic under IPC 447,447,domestic,yes,bail,civil
482,Case involving trespass under IPC 447,447,trespass,yes,undertrial,fast-track
483,Case involving domestic under IPC 392,392,domestic,no,undertrial,fast-track
484,Case involving domestic under IPC 420,420,domestic,no,convicted,civil
485,Case involving fraud under IPC 447,447,fraud,yes,undertrial,criminal
486,Case involving fraud under IPC 447,447,fraud,no,bail,criminal
487,Case involving theft under IPC 447,447,theft,yes,undertrial,civil
488,Case involving trespass under IPC 379,379,trespass,yes,convicted,criminal
489,Case involving theft under IPC 420,420,theft,no,convicted,criminal
490,Case involving fraud under IPC 420,420,fraud,yes,bail,fast-track
491,Case involving robbery under IPC 392,392,robbery,no,undertrial,criminal
492,Case involving fraud under IPC 392,392,fraud,no,bail,civil
493,Case involving fraud under IPC 420,420,fraud,no,convicted,fast-track
494,Case involving robbery under IPC 447,447,robbery,yes,convicted,fast-track
495,Case involving robbery under IPC 420,420,robbery,yes,convicted,civil
496,Case involving fraud under IPC 447,447,fraud,yes,convicted,civil
497,Case involving trespass under IPC 392,392,trespass,no,convicted,criminal
498,Case involving trespass under IPC 379,379,trespass,no,convicted,criminal
499,Case involving robbery under IPC 498,498,robbery,no,bail,civil
500,Case involving robbery under IPC 379,379,robbery,yes,bail,fast-track
501,Case involving robbery under IPC 498,498,robbery,yes,bail,fast-track
502,Case involving theft under IPC 379,379,theft,no,convicted,criminal
503,Case involving domestic under IPC 379,379,domestic,no,bail,fast-track
504,Case involving robbery under IPC 498,498,robbery,no,convicted,civil
505,Case involving domestic under IPC 392,392,domestic,yes,bail,civil
506,Case involving fraud under IPC 379,379,fraud,no,bail,civil
507,Case involving theft under IPC 420,420,theft,no,undertrial,civil
508,Case involving theft under IPC 392,392,theft,yes,convicted,fast-track
509,Case involving domestic under IPC 447,447,domestic,no,bail,fast-track
510,Case involving robbery under IPC 447,447,robbery,yes,bail,civil
511,Case involving domestic under IPC 447,447,domestic,no,bail,civil
512,Case involving robbery under IPC 498,498,robbery,no,undertrial,fast-track
513,Case involving trespass under IPC 379,379,trespass,no,convicted,criminal
514,Case involving fraud under IPC 420,420,fraud,yes,convicted,fast-track
515,Case involving domestic under IPC 392,392,domestic,no,undertrial,civil
516,Case involving fraud under IPC 379,379,fraud,no,convicted,civil
517,Case involving robbery under IPC 379,379,robbery,no,undertrial,fast-track
518,Case involving robbery under IPC 392,392,robbery,yes,convicted,civil
519,Case involving trespass under IPC 420,420,trespass,no,convicted,civil
520,Case involving robbery under IPC 498,498,robbery,yes,convicted,civil
521,Case involving trespass under IPC 498,498,trespass,yes,undertrial,civil
522,Case involving robbery under IPC 447,447,robbery,yes,undertrial,criminal
523,Case involving robbery under IPC 447,447,robbery,yes,undertrial,fast-track
524,Case involving trespass under IPC 447,447,trespass,no,bail,criminal
525,Case involving trespass under IPC 498,498,trespass,yes,undertrial,criminal
526,Case involving robbery under IPC 447,447,robbery,no,bail,civil
527,Case involving fraud under IPC 447,447,fraud,no,bail,fast-track
528,Case involving trespass under IPC 420,420,trespass,no,bail,civil
529,Case involving robbery under IPC 498,498,robbery,yes,bail,civil
530,Case involving fraud under IPC 379,379,fraud,no,convicted,fast-track
531,Case involving theft under IPC 379,379,theft,no,bail,criminal
532,Case involving robbery under IPC 420,420,robbery,no,bail,civil
533,Case involving fraud under IPC 498,498,fraud,no,bail,criminal
534,Case involving domestic under IPC 498,498,domestic,yes,bail,civil
535,Case involving robbery under IPC 379,379,robbery,no,bail,civil
536,Case involving domestic under IPC 420,420,domestic,no,bail,criminal
537,Case involving theft under IPC 498,498,theft,no,undertrial,criminal
538,Case involving robbery under IPC 379,379,robbery,yes,convicted,criminal
539,Case involving trespass under IPC 447,447,trespass,no,bail,civil
540,Case involving fraud under IPC 379,379,fraud,no,undertrial,fast-track
541,Case involving domestic under IPC 420,420,domestic,no,undertrial,civil
542,Case involving domestic under IPC 447,447,domestic,yes,convicted,criminal
543,Case involving domestic under IPC 498,498,domestic,no,undertrial,fast-track
544,Case involving domestic under IPC 420,420,domestic,no,undertrial,criminal
545,Case involving robbery under IPC 498,498,robbery,yes,bail,civil
546,Case involving trespass under IPC 420,420,trespass,yes,undertrial,criminal
547,Case involving fraud under IPC 420,420,fraud,yes,undertrial,civil
548,Case involving domestic under IPC 379,379,domestic,no,convicted,fast-track
549,Case involving trespass under IPC 498,498,trespass,yes,convicted,fast-track
550,Case involving robbery under IPC 420,420,robbery,no,convicted,civil
551,Case involving robbery under IPC 392,392,robbery,no,bail,criminal
552,Case involving theft under IPC 420,420,theft,yes,convicted,civil
553,Case involving robbery under IPC 498,498,robbery,no,undertrial,fast-track
554,Case involving trespass under IPC 447,447,trespass,no,bail,civil
555,Case involving fraud under IPC 379,379,fraud,no,bail,fast-track
556,Case involving robbery under IPC 447,447,robbery,no,bail,civil
557,Case involving fraud under IPC 498,498,fraud,no,convicted,civil
558,Case involving domestic under IPC 447,447,domestic,no,undertrial,fast-track
559,Case involving trespass under IPC 379,379,trespass,yes,bail,civil
560,Case involving domestic under IPC 392,392,domestic,no,bail,civil
561,Case involving robbery under IPC 392,392,robbery,no,undertrial,civil
562,Case involving domestic under IPC 447,447,domestic,no,bail,civil
563,Case involving robbery under IPC 498,498,robbery,no,bail,criminal
564,Case involving fraud under IPC 420,420,fraud,no,undertrial,criminal
565,Case involving trespass under IPC 392,392,trespass,yes,bail,civil
566,Case involving fraud under IPC 379,379,fraud,no,bail,criminal
567,Case involving domestic under IPC 498,498,domestic,yes,convicted,criminal
568,Case involving fraud under IPC 392,392,fraud,no,undertrial,fast-track
569,Case involving domestic under IPC 498,498,domestic,yes,undertrial,civil
570,Case involving robbery under IPC 392,392,robbery,no,convicted,civil
571,Case involving robbery under IPC 420,420,robbery,no,bail,civil
572,Case involving domestic under IPC 498,498,domestic,no,bail,civil
573,Case involving robbery under IPC 420,420,robbery,yes,undertrial,civil
574,Case involving domestic under IPC 379,379,domestic,no,undertrial,civil
575,Case involving robbery under IPC 498,498,robbery,no,bail,criminal
576,Case involving domestic under IPC 379,379,domestic,yes,undertrial,fast-track
577,Case involving domestic under IPC 392,392,domestic,no,undertrial,criminal
578,Case involving theft under IPC 392,392,theft,no,undertrial,criminal
579,Case involving fraud under IPC 392,392,fraud,no,convicted,fast-track
580,Case involving domestic under IPC 379,379,domestic,no,undertrial,civil
581,Case involving theft under IPC 447,447,theft,no,undertrial,criminal
582,Case involving theft under IPC 420,420,theft,yes,undertrial,civil
583,Case involving robbery under IPC 420,420,robbery,no,bail,civil
584,Case involving theft under IPC 420,420,theft,no,undertrial,civil
585,Case involving trespass under IPC 379,379,trespass,no,undertrial,fast-track
586,Case involving fraud under IPC 420,420,fraud,no,bail,fast-track
587,Case involving theft under IPC 420,420,theft,yes,bail,criminal
588,Case involving theft under IPC 498,498,theft,no,undertrial,fast-track
589,Case involving domestic under IPC 379,379,domestic,no,convicted,fast-track
590,Case involving theft under IPC 392,392,theft,yes,convicted,criminal
591,Case involving fraud under IPC 447,447,fraud,no,undertrial,criminal
592,Case involving robbery under IPC 392,392,robbery,yes,bail,fast-track
593,Case involving fraud under IPC 498,498,fraud,no,bail,fast-track
594,Case involving fraud under IPC 420,420,fraud,yes,convicted,civil
595,Case involving robbery under IPC 498,498,robbery,yes,convicted,civil
596,Case involving fraud under IPC 447,447,fraud,no,convicted,criminal
597,Case involving trespass under IPC 447,447,trespass,yes,convicted,fast-track
598,Case involving theft under IPC 392,392,theft,yes,convicted,civil
599,Case involving robbery under IPC 498,498,robbery,yes,bail,criminal
600,Case involving theft under IPC 498,498,theft,yes,bail,civil
601,Case involving robbery under IPC 420,420,robbery,no,bail,civil
602,Case involving theft under IPC 498,498,theft,yes,undertrial,criminal
603,Case involving domestic under IPC 392,392,domestic,yes,undertrial,civil
604,Case involving trespass under IPC 447,447,trespass,no,convicted,civil
605,Case involving robbery under IPC 420,420,robbery,yes,bail,criminal
606,Case involving fraud under IPC 420,420,fraud,yes,convicted,fast-track
607,Case involving theft under IPC 420,420,theft,yes,undertrial,criminal
608,Case involving robbery under IPC 498,498,robbery,no,bail,civil
609,Case involving robbery under IPC 420,420,robbery,yes,undertrial,fast-track
610,Case involving theft under IPC 498,498,theft,no,convicted,civil
611,Case involving fraud under IPC 420,420,fraud,no,convicted,criminal
612,Case involving robbery under IPC 379,379,robbery,no,bail,civil
613,Case involving domestic under IPC 447,447,domestic,yes,bail,fast-track
614,Case involving theft under IPC 447,447,theft,yes,bail,civil
615,Case involving theft under IPC 379,379,theft,yes,undertrial,fast-track
616,Case involving theft under IPC 420,420,theft,yes,bail,civil
617,Case involving domestic under IPC 420,420,domestic,no,bail,fast-track
618,Case involving theft under IPC 498,498,theft,yes,bail,criminal
619,Case involving trespass under IPC 498,498,trespass,no,bail,civil
620,Case involving fraud under IPC 447,447,fraud,yes,bail,civil
621,Case involving robbery under IPC 420,420,robbery,no,undertrial,civil
622,Case involving domestic under IPC 379,379,domestic,no,undertrial,fast-track
623,Case involving fraud under IPC 447,447,fraud,yes,undertrial,civil
624,Case involving robbery under IPC 392,392,robbery,yes,bail,fast-track
625,Case involving trespass under IPC 447,447,trespass,no,convicted,criminal
626,Case involving theft under IPC 379,379,theft,yes,bail,criminal
627,Case involving fraud under IPC 379,379,fraud,yes,bail,criminal
628,Case involving theft under IPC 447,447,theft,yes,bail,civil
629,Case involving theft under IPC 392,392,theft,yes,convicted,civil
630,Case involving trespass under IPC 447,447,trespass,no,undertrial,civil
631,Case involving theft under IPC 447,447,theft,yes,bail,fast-track
632,Case involving domestic under IPC 392,392,domestic,yes,bail,fast-track
633,Case involving trespass under IPC 447,447,trespass,no,bail,criminal
634,Case involving fraud under IPC 420,420,fraud,no,undertrial,civil
635,Case involving fraud under IPC 447,447,fraud,yes,undertrial,criminal
636,Case involving fraud under IPC 498,498,fraud,yes,convicted,criminal
637,Case involving theft under IPC 447,447,theft,yes,convicted,fast-track
638,Case involving domestic under IPC 498,498,domestic,yes,convicted,criminal
639,Case involving trespass under IPC 498,498,trespass,no,undertrial,fast-track
640,Case involving theft under IPC 498,498,theft,no,undertrial,criminal
641,Case involving robbery under IPC 379,379,robbery,no,convicted,criminal
642,Case involving fraud under IPC 379,379,fraud,yes,convicted,fast-track
643,Case involving theft under IPC 420,420,theft,no,undertrial,fast-track
644,Case involving theft under IPC 447,447,theft,yes,bail,criminal
645,Case involving theft under IPC 498,498,theft,yes,undertrial,civil
646,Case involving domestic under IPC 392,392,domestic,no,undertrial,criminal
647,Case involving theft under IPC 379,379,theft,no,convicted,criminal
648,Case involving fraud under IPC 392,392,fraud,yes,convicted,fast-track
649,Case involving domestic under IPC 392,392,domestic,yes,bail,criminal
650,Case involving domestic under IPC 392,392,domestic,no,bail,civil
651,Case involving domestic under IPC 498,498,domestic,no,bail,criminal
652,Case involving robbery under IPC 420,420,robbery,no,bail,fast-track
653,Case involving trespass under IPC 392,392,trespass,no,undertrial,civil
654,Case involving domestic under IPC 447,447,domestic,no,undertrial,fast-track
655,Case involving fraud under IPC 392,392,fraud,no,convicted,fast-track
656,Case involving trespass under IPC 379,379,trespass,no,undertrial,civil
657,Case involving fraud under IPC 379,379,fraud,no,undertrial,criminal
658,Case involving fraud under IPC 420,420,fraud,no,bail,civil
659,Case involving theft under IPC 420,420,theft,yes,convicted,civil
660,Case involving robbery under IPC 379,379,robbery,yes,undertrial,fast-track
661,Case involving theft under IPC 447,447,theft,no,undertrial,criminal
662,Case involving domestic under IPC 392,392,domestic,yes,convicted,civil
663,Case involving theft under IPC 392,392,theft,yes,convicted,civil
664,Case involving domestic under IPC 498,498,domestic,no,undertrial,criminal
665,Case involving robbery under IPC 379,379,robbery,yes,bail,civil
666,Case involving theft under IPC 392,392,theft,yes,convicted,civil
667,Case involving theft under IPC 420,420,theft,no,undertrial,fast-track
668,Case involving theft under IPC 447,447,theft,no,convicted,fast-track
669,Case involving domestic under IPC 420,420,domestic,yes,convicted,civil
670,Case involving domestic under IPC 447,447,domestic,no,bail,criminal
671,Case involving trespass under IPC 420,420,trespass,no,bail,fast-track
672,Case involving fraud under IPC 498,498,fraud,no,undertrial,civil
673,Case involving trespass under IPC 447,447,trespass,yes,bail,civil
674,Case involving robbery under IPC 379,379,robbery,yes,convicted,criminal
675,Case involving robbery under IPC 379,379,robbery,yes,convicted,criminal
676,Case involving domestic under IPC 498,498,domestic,yes,convicted,criminal
677,Case involving theft under IPC 447,447,theft,no,undertrial,criminal
678,Case involving domestic under IPC 498,498,domestic,no,undertrial,fast-track
679,Case involving domestic under IPC 379,379,domestic,no,bail,criminal
680,Case involving domestic under IPC 420,420,domestic,yes,bail,fast-track
681,Case involving domestic under IPC 447,447,domestic,no,undertrial,fast-track
682,Case involving fraud under IPC 392,392,fraud,no,bail,civil
683,Case involving fraud under IPC 498,498,fraud,no,undertrial,fast-track
684,Case involving trespass under IPC 420,420,trespass,no,undertrial,civil
685,Case involving robbery under IPC 447,447,robbery,yes,convicted,civil
686,Case involving theft under IPC 392,392,theft,yes,bail,civil
687,Case involving domestic under IPC 379,379,domestic,yes,undertrial,fast-track
688,Case involving fraud under IPC 420,420,fraud,yes,undertrial,civil
689,Case involving domestic under IPC 420,420,domestic,no,bail,civil
690,Case involving theft under IPC 392,392,theft,yes,undertrial,civil
691,Case involving trespass under IPC 420,420,trespass,yes,undertrial,criminal
692,Case involving domestic under IPC 379,379,domestic,yes,convicted,criminal
693,Case involving fraud under IPC 498,498,fraud,no,undertrial,civil
694,Case involving domestic under IPC 420,420,domestic,no,convicted,fast-track
695,Case involving domestic under IPC 420,420,domestic,yes,convicted,criminal
696,Case involving theft under IPC 392,392,theft,no,undertrial,fast-track
697,Case involving trespass under IPC 447,447,trespass,no,bail,criminal
698,Case involving theft under IPC 392,392,theft,yes,convicted,criminal
699,Case involving fraud under IPC 392,392,fraud,no,bail,fast-track
700,Case involving domestic under IPC 379,379,domestic,no,undertrial,civil
701,Case involving theft under IPC 498,498,theft,no,undertrial,fast-track
702,Case involving trespass under IPC 498,498,trespass,no,bail,civil
703,Case involving robbery under IPC 447,447,robbery,yes,bail,criminal
704,Case involving theft under IPC 392,392,theft,yes,undertrial,criminal
705,Case involving domestic under IPC 498,498,domestic,yes,bail,civil
706,Case involving domestic under IPC 392,392,domestic,yes,convicted,fast-track
707,Case involving theft under IPC 420,420,theft,yes,undertrial,fast-track
708,Case involving domestic under IPC 498,498,domestic,no,convicted,criminal
709,Case involving trespass under IPC 498,498,trespass,no,undertrial,fast-track
710,Case involving robbery under IPC 420,420,robbery,yes,convicted,civil
711,Case involving robbery under IPC 392,392,robbery,yes,convicted,criminal
712,Case involving robbery under IPC 379,379,robbery,no,convicted,civil
713,Case involving robbery under IPC 379,379,robbery,yes,undertrial,fast-track
714,Case involving robbery under IPC 379,379,robbery,yes,bail,civil
715,Case involving domestic under IPC 420,420,domestic,yes,bail,civil
716,Case involving trespass under IPC 420,420,trespass,no,convicted,criminal
717,Case involving domestic under IPC 420,420,domestic,yes,convicted,fast-track
718,Case involving theft under IPC 392,392,theft,yes,convicted,civil
719,Case involving robbery under IPC 379,379,robbery,yes,bail,civil
720,Case involving theft under IPC 498,498,theft,no,convicted,fast-track
721,Case involving theft under IPC 498,498,theft,yes,undertrial,criminal
722,Case involving theft under IPC 392,392,theft,yes,bail,criminal
723,Case involving theft under IPC 498,498,theft,no,convicted,fast-track
724,Case involving trespass under IPC 392,392,trespass,no,bail,civil
725,Case involving trespass under IPC 392,392,trespass,no,undertrial,civil
726,Case involving fraud under IPC 379,379,fraud,no,undertrial,civil
727,Case involving theft under IPC 447,447,theft,yes,convicted,criminal
728,Case involving theft under IPC 447,447,theft,no,convicted,criminal
729,Case involving robbery under IPC 392,392,robbery,no,convicted,criminal
730,Case involving theft under IPC 498,498,theft,no,bail,fast-track
731,Case involving domestic under IPC 498,498,domestic,yes,undertrial,fast-track
732,Case involving fraud under IPC 498,498,fraud,no,undertrial,criminal
733,Case involving domestic under IPC 498,498,domestic,yes,bail,civil
734,Case involving theft under IPC 498,498,theft,yes,convicted,civil
735,Case involving theft under IPC 420,420,theft,no,bail,criminal
736,Case involving domestic under IPC 420,420,domestic,no,convicted,criminal
737,Case involving robbery under IPC 447,447,robbery,no,undertrial,criminal
738,Case involving theft under IPC 498,498,theft,yes,convicted,criminal
739,Case involving trespass under IPC 420,420,trespass,yes,convicted,criminal
740,Case involving fraud under IPC 498,498,fraud,yes,bail,fast-track
741,Case involving robbery under IPC 379,379,robbery,no,bail,fast-track
742,Case involving fraud under IPC 420,420,fraud,no,undertrial,civil
743,Case involving theft under IPC 379,379,theft,yes,undertrial,criminal
744,Case involving domestic under IPC 392,392,domestic,no,convicted,civil
745,Case involving fraud under IPC 447,447,fraud,yes,undertrial,civil
746,Case involving fraud under IPC 447,447,fraud,no,convicted,civil
747,Case involving fraud under IPC 498,498,fraud,yes,bail,criminal
748,Case involving fraud under IPC 498,498,fraud,no,convicted,fast-track
749,Case involving theft under IPC 420,420,theft,no,bail,civil
750,Case involving fraud under IPC 447,447,fraud,no,undertrial,criminal
751,Case involving fraud under IPC 379,379,fraud,no,undertrial,civil
752,Case involving domestic under IPC 379,379,domestic,yes,convicted,civil
753,Case involving theft under IPC 379,379,theft,yes,undertrial,fast-track
754,Case involving domestic under IPC 392,392,domestic,yes,convicted,criminal
755,Case involving robbery under IPC 392,392,robbery,yes,undertrial,fast-track
756,Case involving trespass under IPC 392,392,trespass,no,convicted,criminal
757,Case involving fraud under IPC 379,379,fraud,yes,convicted,civil
758,Case involving trespass under IPC 420,420,trespass,no,undertrial,civil
759,Case involving domestic under IPC 447,447,domestic,no,undertrial,fast-track
760,Case involving theft under IPC 392,392,theft,no,bail,fast-track
761,Case involving robbery under IPC 379,379,robbery,no,bail,fast-track
762,Case involving domestic under IPC 420,420,domestic,yes,convicted,fast-track
763,Case involving trespass under IPC 447,447,trespass,no,convicted,civil
764,Case involving robbery under IPC 379,379,robbery,yes,bail,fast-track
765,Case involving robbery under IPC 379,379,robbery,yes,convicted,criminal
766,Case involving fraud under IPC 447,447,fraud,no,bail,criminal
767,Case involving robbery under IPC 498,498,robbery,yes,bail,criminal
768,Case involving robbery under IPC 498,498,robbery,yes,bail,fast-track
769,Case involving domestic under IPC 420,420,domestic,no,undertrial,civil
770,Case involving theft under IPC 498,498,theft,no,bail,criminal
771,Case involving robbery under IPC 447,447,robbery,yes,convicted,civil
772,Case involving theft under IPC 498,498,theft,yes,bail,criminal
773,Case involving fraud under IPC 420,420,fraud,no,convicted,fast-track
774,Case involving theft under IPC 379,379,theft,yes,convicted,civil
775,Case involving fraud under IPC 447,447,fraud,yes,bail,civil
776,Case involving domestic under IPC 447,447,domestic,yes,bail,fast-track
777,Case involving theft under IPC 447,447,theft,yes,undertrial,fast-track
778,Case involving domestic under IPC 392,392,domestic,no,convicted,civil
779,Case involving trespass under IPC 498,498,trespass,no,undertrial,criminal
780,Case involving fraud under IPC 420,420,fraud,no,bail,criminal
781,Case involving domestic under IPC 498,498,domestic,yes,convicted,fast-track
782,Case involving robbery under IPC 447,447,robbery,no,undertrial,fast-track
783,Case involving robbery under IPC 379,379,robbery,no,bail,criminal
784,Case involving fraud under IPC 498,498,fraud,yes,bail,civil
785,Case involving domestic under IPC 379,379,domestic,no,convicted,civil
786,Case involving theft under IPC 379,379,theft,yes,undertrial,criminal
787,Case involving theft under IPC 392,392,theft,no,bail,civil
788,Case involving robbery under IPC 447,447,robbery,no,bail,fast-track
789,Case involving fraud under IPC 498,498,fraud,no,undertrial,fast-track
790,Case involving domestic under IPC 498,498,domestic,no,undertrial,fast-track
791,Case involving robbery under IPC 379,379,robbery,no,bail,fast-track
792,Case involving domestic under IPC 498,498,domestic,yes,bail,civil
793,Case involving trespass under IPC 379,379,trespass,no,undertrial,criminal
794,Case involving fraud under IPC 447,447,fraud,yes,convicted,civil
795,Case involving trespass under IPC 392,392,trespass,yes,convicted,criminal
796,Case involving robbery under IPC 379,379,robbery,no,undertrial,criminal
797,Case involving fraud under IPC 420,420,fraud,yes,convicted,fast-track
798,Case involving domestic under IPC 420,420,domestic,yes,bail,fast-track
799,Case involving domestic under IPC 420,420,domestic,yes,bail,civil
800,Case involving domestic under IPC 498,498,domestic,yes,undertrial,civil
801,Case involving robbery under IPC 379,379,robbery,yes,bail,civil
802,Case involving theft under IPC 498,498,theft,yes,convicted,civil
803,Case involving fraud under IPC 379,379,fraud,no,convicted,fast-track
804,Case involving robbery under IPC 447,447,robbery,yes,undertrial,fast-track
805,Case involving domestic under IPC 392,392,domestic,no,undertrial,civil
806,Case involving trespass under IPC 498,498,trespass,no,convicted,fast-track
807,Case involving theft under IPC 498,498,theft,yes,undertrial,civil
808,Case involving domestic under IPC 498,498,domestic,no,convicted,fast-track
809,Case involving domestic under IPC 420,420,domestic,yes,bail,fast-track
810,Case involving robbery under IPC 447,447,robbery,yes,convicted,civil
811,Case involving robbery under IPC 392,392,robbery,yes,undertrial,fast-track
812,Case involving trespass under IPC 379,379,trespass,yes,convicted,civil
813,Case involving robbery under IPC 447,447,robbery,yes,convicted,civil
814,Case involving domestic under IPC 420,420,domestic,yes,bail,criminal
815,Case involving robbery under IPC 447,447,robbery,yes,bail,fast-track
816,Case involving theft under IPC 420,420,theft,yes,convicted,criminal
817,Case involving domestic under IPC 420,420,domestic,no,convicted,civil
818,Case involving domestic under IPC 420,420,domestic,yes,bail,civil
819,Case involving theft under IPC 392,392,theft,no,undertrial,fast-track
820,Case involving domestic under IPC 420,420,domestic,no,undertrial,criminal
821,Case involving fraud under IPC 447,447,fraud,no,undertrial,criminal
822,Case involving fraud under IPC 420,420,fraud,no,bail,criminal
823,Case involving fraud under IPC 447,447,fraud,yes,bail,criminal
824,Case involving trespass under IPC 379,379,trespass,no,undertrial,criminal
825,Case involving domestic under IPC 498,498,domestic,no,convicted,fast-track
826,Case involving trespass under IPC 379,379,trespass,no,bail,civil
827,Case involving robbery under IPC 392,392,robbery,no,undertrial,civil
828,Case involving theft under IPC 498,498,theft,yes,convicted,civil
829,Case involving domestic under IPC 379,379,domestic,yes,undertrial,criminal
830,Case involving fraud under IPC 392,392,fraud,yes,convicted,criminal
831,Case involving theft under IPC 447,447,theft,yes,convicted,fast-track
832,Case involving theft under IPC 420,420,theft,yes,convicted,fast-track
833,Case involving domestic under IPC 447,447,domestic,yes,undertrial,criminal
834,Case involving robbery under IPC 447,447,robbery,yes,undertrial,criminal
835,Case involving fraud under IPC 379,379,fraud,yes,bail,criminal
836,Case involving domestic under IPC 392,392,domestic,no,undertrial,civil
837,Case involving theft under IPC 392,392,theft,yes,convicted,civil
838,Case involving trespass under IPC 420,420,trespass,no,undertrial,fast-track
839,Case involving robbery under IPC 498,498,robbery,no,bail,fast-track
840,Case involving robbery under IPC 498,498,robbery,no,undertrial,fast-track
841,Case involving fraud under IPC 447,447,fraud,yes,bail,criminal
842,Case involving fraud under IPC 379,379,fraud,yes,undertrial,civil
843,Case involving fraud under IPC 379,379,fraud,no,undertrial,criminal
844,Case involving trespass under IPC 420,420,trespass,no,bail,fast-track
845,Case involving robbery under IPC 392,392,robbery,yes,convicted,fast-track
846,Case involving domestic under IPC 379,379,domestic,no,bail,fast-track
847,Case involving trespass under IPC 447,447,trespass,no,undertrial,criminal
848,Case involving fraud under IPC 498,498,fraud,yes,bail,criminal
849,Case involving robbery under IPC 498,498,robbery,yes,undertrial,criminal
850,Case involving trespass under IPC 447,447,trespass,no,bail,criminal
851,Case involving fraud under IPC 379,379,fraud,yes,undertrial,fast-track
852,Case involving trespass under IPC 447,447,trespass,yes,bail,civil
853,Case involving robbery under IPC 447,447,robbery,no,undertrial,civil
854,Case involving domestic under IPC 379,379,domestic,yes,convicted,fast-track
855,Case involving domestic under IPC 392,392,domestic,no,convicted,civil
856,Case involving domestic under IPC 420,420,domestic,no,convicted,civil
857,Case involving robbery under IPC 447,447,robbery,yes,undertrial,civil
858,Case involving fraud under IPC 498,498,fraud,yes,bail,fast-track
859,Case involving fraud under IPC 379,379,fraud,yes,bail,criminal
860,Case involving domestic under IPC 392,392,domestic,yes,undertrial,civil
861,Case involving fraud under IPC 379,379,fraud,no,undertrial,fast-track
862,Case involving robbery under IPC 420,420,robbery,no,bail,fast-track
863,Case involving fraud under IPC 379,379,fraud,yes,bail,criminal
864,Case involving robbery under IPC 379,379,robbery,no,bail,criminal
865,Case involving domestic under IPC 379,379,domestic,yes,undertrial,fast-track
866,Case involving trespass under IPC 379,379,trespass,yes,bail,criminal
867,Case involving fraud under IPC 420,420,fraud,yes,undertrial,criminal
868,Case involving theft under IPC 379,379,theft,yes,bail,fast-track
869,Case involving domestic under IPC 379,379,domestic,no,convicted,civil
870,Case involving domestic under IPC 379,379,domestic,no,undertrial,criminal
871,Case involving theft under IPC 498,498,theft,no,undertrial,civil
872,Case involving fraud under IPC 392,392,fraud,no,convicted,civil
873,Case involving trespass under IPC 392,392,trespass,yes,undertrial,fast-track
874,Case involving trespass under IPC 498,498,trespass,no,convicted,criminal
875,Case involving trespass under IPC 392,392,trespass,yes,bail,fast-track
876,Case involving robbery under IPC 498,498,robbery,yes,undertrial,civil
877,Case involving trespass under IPC 498,498,trespass,no,bail,criminal
878,Case involving theft under IPC 447,447,theft,yes,undertrial,civil
879,Case involving robbery under IPC 420,420,robbery,yes,bail,fast-track
880,Case involving trespass under IPC 447,447,trespass,no,bail,civil
881,Case involving trespass under IPC 498,498,trespass,yes,bail,fast-track
882,Case involving domestic under IPC 447,447,domestic,yes,convicted,civil
883,Case involving domestic under IPC 498,498,domestic,yes,convicted,criminal
884,Case involving trespass under IPC 392,392,trespass,no,undertrial,criminal
885,Case involving theft under IPC 379,379,theft,yes,bail,civil
886,Case involving robbery under IPC 420,420,robbery,yes,undertrial,fast-track
887,Case involving robbery under IPC 498,498,robbery,no,bail,criminal
888,Case involving domestic under IPC 420,420,domestic,no,bail,criminal
889,Case involving robbery under IPC 420,420,robbery,yes,convicted,fast-track
890,Case involving trespass under IPC 392,392,trespass,no,convicted,fast-track
891,Case involving trespass under IPC 498,498,trespass,yes,undertrial,fast-track
892,Case involving domestic under IPC 392,392,domestic,no,undertrial,criminal
893,Case involving theft under IPC 498,498,theft,no,convicted,civil
894,Case involving robbery under IPC 498,498,robbery,no,undertrial,civil
895,Case involving fraud under IPC 420,420,fraud,no,undertrial,fast-track
896,Case involving robbery under IPC 379,379,robbery,no,undertrial,criminal
897,Case involving domestic under IPC 498,498,domestic,no,convicted,fast-track
898,Case involving domestic under IPC 420,420,domestic,yes,bail,criminal
899,Case involving robbery under IPC 392,392,robbery,yes,undertrial,criminal
900,Case involving theft under IPC 420,420,theft,no,convicted,fast-track
901,Case involving fraud under IPC 379,379,fraud,no,undertrial,civil
902,Case involving robbery under IPC 392,392,robbery,no,bail,fast-track
903,Case involving fraud under IPC 498,498,fraud,no,undertrial,criminal
904,Case involving robbery under IPC 392,392,robbery,no,bail,criminal
905,Case involving trespass under IPC 420,420,trespass,yes,convicted,criminal
906,Case involving theft under IPC 498,498,theft,no,undertrial,fast-track
907,Case involving theft under IPC 447,447,theft,no,bail,civil
908,Case involving robbery under IPC 420,420,robbery,no,bail,criminal
909,Case involving domestic under IPC 498,498,domestic,no,bail,civil
910,Case involving robbery under IPC 392,392,robbery,yes,undertrial,fast-track
911,Case involving fraud under IPC 379,379,fraud,yes,bail,civil
912,Case involving theft under IPC 379,379,theft,no,convicted,criminal
913,Case involving theft under IPC 420,420,theft,no,convicted,fast-track
914,Case involving theft under IPC 392,392,theft,yes,undertrial,fast-track
915,Case involving domestic under IPC 379,379,domestic,no,undertrial,fast-track
916,Case involving theft under IPC 447,447,theft,no,undertrial,civil
917,Case involving theft under IPC 420,420,theft,yes,bail,civil
918,Case involving theft under IPC 498,498,theft,no,bail,fast-track
919,Case involving theft under IPC 420,420,theft,yes,undertrial,criminal
920,Case involving trespass under IPC 447,447,trespass,no,undertrial,civil
921,Case involving domestic under IPC 420,420,domestic,yes,convicted,civil
922,Case involving trespass under IPC 420,420,trespass,no,bail,fast-track
923,Case involving fraud under IPC 392,392,fraud,no,undertrial,fast-track
924,Case involving domestic under IPC 447,447,domestic,no,bail,criminal
925,Case involving theft under IPC 379,379,theft,no,convicted,fast-track
926,Case involving theft under IPC 420,420,theft,no,undertrial,criminal
927,Case involving domestic under IPC 447,447,domestic,yes,undertrial,fast-track
928,Case involving domestic under IPC 498,498,domestic,no,bail,civil
929,Case involving robbery under IPC 392,392,robbery,yes,bail,civil
930,Case involving theft under IPC 447,447,theft,no,undertrial,criminal
931,Case involving domestic under IPC 379,379,domestic,no,bail,civil
932,Case involving robbery under IPC 420,420,robbery,yes,bail,civil
933,Case involving theft under IPC 498,498,theft,yes,convicted,civil
934,Case involving theft under IPC 392,392,theft,no,convicted,criminal
935,Case involving theft under IPC 392,392,theft,yes,undertrial,fast-track
936,Case involving robbery under IPC 379,379,robbery,no,undertrial,criminal
937,Case involving trespass under IPC 447,447,trespass,yes,convicted,criminal
938,Case involving theft under IPC 379,379,theft,no,convicted,civil
939,Case involving theft under IPC 447,447,theft,yes,undertrial,criminal
940,Case involving trespass under IPC 498,498,trespass,yes,convicted,criminal
941,Case involving robbery under IPC 447,447,robbery,yes,undertrial,criminal
942,Case involving fraud under IPC 392,392,fraud,no,convicted,criminal
943,Case involving theft under IPC 379,379,theft,no,bail,civil
944,Case involving trespass under IPC 392,392,trespass,no,convicted,civil
945,Case involving fraud under IPC 392,392,fraud,no,undertrial,civil
946,Case involving fraud under IPC 420,420,fraud,yes,bail,criminal
947,Case involving robbery under IPC 498,498,robbery,no,undertrial,civil
948,Case involving robbery under IPC 392,392,robbery,no,bail,fast-track
949,Case involving domestic under IPC 420,420,domestic,no,bail,fast-track
950,Case involving fraud under IPC 447,447,fraud,yes,convicted,criminal
951,Case involving robbery under IPC 392,392,robbery,yes,undertrial,fast-track
952,Case involving robbery under IPC 498,498,robbery,no,convicted,criminal
953,Case involving robbery under IPC 379,379,robbery,no,bail,civil
954,Case involving theft under IPC 392,392,theft,no,bail,fast-track
955,Case involving robbery under IPC 447,447,robbery,no,bail,criminal
956,Case involving theft under IPC 379,379,theft,yes,undertrial,fast-track
957,Case involving trespass under IPC 392,392,trespass,no,convicted,criminal
958,Case involving domestic under IPC 392,392,domestic,yes,undertrial,criminal
959,Case involving theft under IPC 498,498,theft,no,undertrial,fast-track
960,Case involving trespass under IPC 420,420,trespass,no,bail,civil
961,Case involving trespass under IPC 420,420,trespass,no,undertrial,criminal
962,Case involving trespass under IPC 420,420,trespass,yes,bail,criminal
963,Case involving robbery under IPC 379,379,robbery,no,convicted,criminal
964,Case involving robbery under IPC 392,392,robbery,no,convicted,criminal
965,Case involving theft under IPC 498,498,theft,no,convicted,fast-track
966,Case involving domestic under IPC 420,420,domestic,no,bail,fast-track
967,Case involving robbery under IPC 392,392,robbery,no,undertrial,fast-track
968,Case involving fraud under IPC 392,392,fraud,no,undertrial,fast-track
969,Case involving robbery under IPC 498,498,robbery,no,convicted,criminal
970,Case involving fraud under IPC 498,498,fraud,no,convicted,criminal
971,Case involving robbery under IPC 392,392,robbery,yes,undertrial,civil
972,Case involving robbery under IPC 379,379,robbery,yes,undertrial,criminal
973,Case involving trespass under IPC 392,392,trespass,no,convicted,fast-track
974,Case involving fraud under IPC 498,498,fraud,no,undertrial,fast-track
975,Case involving theft under IPC 447,447,theft,no,undertrial,fast-track
976,Case involving theft under IPC 392,392,theft,no,undertrial,fast-track
977,Case involving domestic under IPC 447,447,domestic,yes,convicted,criminal
978,Case involving trespass under IPC 379,379,trespass,yes,undertrial,civil
979,Case involving domestic under IPC 420,420,domestic,yes,undertrial,civil
980,Case involving trespass under IPC 392,392,trespass,yes,bail,fast-track
981,Case involving theft under IPC 420,420,theft,yes,bail,fast-track
982,Case involving domestic under IPC 498,498,domestic,no,convicted,criminal
983,Case involving trespass under IPC 498,498,trespass,yes,undertrial,criminal
984,Case involving trespass under IPC 392,392,trespass,no,undertrial,fast-track
985,Case involving trespass under IPC 498,498,trespass,yes,convicted,criminal
986,Case involving domestic under IPC 420,420,domestic,no,undertrial,criminal
987,Case involving theft under IPC 420,420,theft,yes,convicted,civil
988,Case involving theft under IPC 392,392,theft,no,bail,civil
989,Case involving theft under IPC 392,392,theft,yes,convicted,civil
990,Case involving robbery under IPC 498,498,robbery,no,bail,civil
991,Case involving trespass under IPC 447,447,trespass,yes,undertrial,criminal
992,Case involving domestic under IPC 420,420,domestic,no,undertrial,civil
993,Case involving domestic under IPC 447,447,domestic,yes,undertrial,criminal
994,Case involving trespass under IPC 392,392,trespass,no,undertrial,civil
995,Case involving fraud under IPC 392,392,fraud,no,undertrial,civil
996,Case involving trespass under IPC 420,420,trespass,yes,bail,civil
997,Case involving fraud under IPC 379,379,fraud,yes,undertrial,fast-track
998,Case involving domestic under IPC 447,447,domestic,no,bail,fast-track
999,Case involving theft under IPC 447,447,theft,no,bail,fast-track
1000,Case involving theft under IPC 379,379,theft,no,convicted,civil
1001,Case involving theft under IPC 379,379,theft,no,undertrial,civil
1002,Case involving domestic under IPC 498,498,domestic,no,undertrial,criminal
1003,Case involving robbery under IPC 420,420,robbery,yes,undertrial,fast-track
1004,Case involving trespass under IPC 447,447,trespass,yes,undertrial,criminal
1005,Case involving trespass under IPC 420,420,trespass,yes,undertrial,fast-track
1006,Case involving robbery under IPC 379,379,robbery,no,undertrial,criminal
1007,Case involving trespass under IPC 392,392,trespass,no,convicted,fast-track
1008,Case involving domestic under IPC 420,420,domestic,yes,bail,criminal
1009,Case involving fraud under IPC 392,392,fraud,yes,undertrial,fast-track
1010,Case involving domestic under IPC 420,420,domestic,yes,bail,civil
1011,Case involving domestic under IPC 379,379,domestic,yes,undertrial,fast-track
1012,Case involving trespass under IPC 379,379,trespass,yes,convicted,fast-track
1013,Case involving trespass under IPC 498,498,trespass,yes,bail,fast-track
1014,Case involving robbery under IPC 379,379,robbery,yes,convicted,criminal
1015,Case involving theft under IPC 498,498,theft,no,convicted,civil
1016,Case involving fraud under IPC 392,392,fraud,no,convicted,criminal
1017,Case involving fraud under IPC 420,420,fraud,yes,undertrial,civil
1018,Case involving trespass under IPC 392,392,trespass,no,bail,fast-track
1019,Case involving domestic under IPC 420,420,domestic,no,convicted,fast-track
1020,Case involving theft under IPC 420,420,theft,no,undertrial,criminal
1021,Case involving trespass under IPC 498,498,trespass,yes,bail,fast-track
1022,Case involving fraud under IPC 498,498,fraud,yes,undertrial,fast-track
1023,Case involving trespass under IPC 498,498,trespass,no,convicted,fast-track
1024,Case involving trespass under IPC 392,392,trespass,yes,convicted,fast-track
1025,Case involving fraud under IPC 392,392,fraud,no,convicted,criminal
1026,Case involving domestic under IPC 379,379,domestic,no,undertrial,fast-track
1027,Case involving robbery under IPC 498,498,robbery,yes,bail,criminal
1028,Case involving fraud under IPC 392,392,fraud,yes,undertrial,civil
1029,Case involving fraud under IPC 498,498,fraud,no,undertrial,civil
1030,Case involving theft under IPC 447,447,theft,no,bail,criminal
1031,Case involving theft under IPC 379,379,theft,no,bail,fast-track
1032,Case involving domestic under IPC 392,392,domestic,yes,bail,criminal
1033,Case involving trespass under IPC 498,498,trespass,no,convicted,fast-track
1034,Case involving domestic under IPC 498,498,domestic,no,convicted,fast-track
1035,Case involving theft under IPC 498,498,theft,yes,bail,civil
1036,Case involving theft under IPC 447,447,theft,yes,convicted,fast-track
1037,Case involving fraud under IPC 379,379,fraud,no,convicted,civil
1038,Case involving robbery under IPC 379,379,robbery,no,undertrial,fast-track
1039,Case involving robbery under IPC 379,379,robbery,no,undertrial,criminal
1040,Case involving theft under IPC 420,420,theft,yes,convicted,civil
1041,Case involving trespass under IPC 420,420,trespass,yes,convicted,civil
1042,Case involving domestic under IPC 498,498,domestic,yes,undertrial,fast-track
1043,Case involving robbery under IPC 392,392,robbery,no,convicted,criminal
1044,Case involving fraud under IPC 392,392,fraud,no,convicted,fast-track
1045,Case involving robbery under IPC 498,498,robbery,no,convicted,civil
1046,Case involving fraud under IPC 498,498,fraud,yes,convicted,civil
1047,Case involving fraud under IPC 392,392,fraud,no,bail,civil
1048,Case involving robbery under IPC 447,447,robbery,yes,convicted,civil
1049,Case involving theft under IPC 379,379,theft,yes,undertrial,fast-track
1050,Case involving theft under IPC 498,498,theft,no,undertrial,criminal
1051,Case involving theft under IPC 392,392,theft,yes,bail,criminal
1052,Case involving robbery under IPC 379,379,robbery,no,convicted,civil
1053,Case involving trespass under IPC 379,379,trespass,yes,bail,civil
1054,Case involving domestic under IPC 379,379,domestic,yes,bail,civil
1055,Case involving robbery under IPC 498,498,robbery,yes,convicted,fast-track
1056,Case involving theft under IPC 420,420,theft,no,convicted,criminal
1057,Case involving fraud under IPC 447,447,fraud,no,bail,fast-track
1058,Case involving trespass under IPC 498,498,trespass,no,undertrial,civil
1059,Case involving domestic under IPC 392,392,domestic,yes,bail,civil
1060,Case involving fraud under IPC 420,420,fraud,yes,convicted,fast-track
1061,Case involving fraud under IPC 392,392,fraud,yes,convicted,fast-track
1062,Case involving fraud under IPC 379,379,fraud,no,convicted,fast-track
1063,Case involving trespass under IPC 392,392,trespass,yes,convicted,fast-track
1064,Case involving domestic under IPC 392,392,domestic,no,convicted,fast-track
1065,Case involving robbery under IPC 447,447,robbery,no,bail,civil
1066,Case involving fraud under IPC 392,392,fraud,yes,bail,fast-track
1067,Case involving robbery under IPC 379,379,robbery,yes,bail,fast-track
1068,Case involving theft under IPC 498,498,theft,yes,convicted,civil
1069,Case involving robbery under IPC 392,392,robbery,no,bail,civil
1070,Case involving domestic under IPC 379,379,domestic,yes,bail,civil
1071,Case involving fraud under IPC 420,420,fraud,yes,undertrial,civil
1072,Case involving fraud under IPC 392,392,fraud,no,undertrial,civil
1073,Case involving robbery under IPC 392,392,robbery,yes,convicted,fast-track
1074,Case involving domestic under IPC 379,379,domestic,no,bail,fast-track
1075,Case involving theft under IPC 447,447,theft,no,convicted,civil
1076,Case involving fraud under IPC 392,392,fraud,no,bail,civil
1077,Case involving fraud under IPC 420,420,fraud,no,convicted,civil
1078,Case involving robbery under IPC 447,447,robbery,yes,bail,civil
1079,Case involving robbery under IPC 379,379,robbery,yes,convicted,fast-track
1080,Case involving fraud under IPC 392,392,fraud,yes,bail,criminal
1081,Case involving trespass under IPC 379,379,trespass,yes,bail,criminal
1082,Case involving domestic under IPC 420,420,domestic,yes,bail,fast-track
1083,Case involving domestic under IPC 447,447,domestic,no,convicted,fast-track
1084,Case involving robbery under IPC 392,392,robbery,yes,convicted,civil
1085,Case involving theft under IPC 420,420,theft,yes,convicted,criminal
1086,Case involving theft under IPC 379,379,theft,yes,undertrial,civil
1087,Case involving theft under IPC 498,498,theft,no,convicted,fast-track
1088,Case involving fraud under IPC 498,498,fraud,yes,bail,criminal
1089,Case involving domestic under IPC 420,420,domestic,yes,bail,criminal
1090,Case involving fraud under IPC 447,447,fraud,no,bail,civil
1091,Case involving theft under IPC 447,447,theft,no,bail,civil
1092,Case involving domestic under IPC 498,498,domestic,yes,bail,fast-track
1093,Case involving theft under IPC 447,447,theft,no,bail,criminal
1094,Case involving robbery under IPC 379,379,robbery,yes,bail,civil
1095,Case involving theft under IPC 379,379,theft,no,undertrial,civil
1096,Case involving trespass under IPC 379,379,trespass,yes,bail,criminal
1097,Case involving domestic under IPC 498,498,domestic,no,undertrial,criminal
1098,Case involving robbery under IPC 392,392,robbery,no,bail,civil
1099,Case involving fraud under IPC 447,447,fraud,no,bail,fast-track
1100,Case involving theft under IPC 447,447,theft,yes,undertrial,criminal
1101,Case involving robbery under IPC 447,447,robbery,yes,undertrial,civil
1102,Case involving trespass under IPC 392,392,trespass,no,undertrial,criminal
1103,Case involving domestic under IPC 420,420,domestic,no,convicted,civil
1104,Case involving theft under IPC 447,447,theft,yes,undertrial,fast-track
1105,Case involving theft under IPC 420,420,theft,yes,bail,civil
1106,Case involving domestic under IPC 420,420,domestic,yes,bail,fast-track
1107,Case involving trespass under IPC 420,420,trespass,yes,convicted,criminal
1108,Case involving trespass under IPC 447,447,trespass,yes,bail,fast-track
1109,Case involving trespass under IPC 447,447,trespass,yes,undertrial,civil
1110,Case involving fraud under IPC 447,447,fraud,yes,undertrial,civil
1111,Case involving theft under IPC 379,379,theft,no,undertrial,criminal
1112,Case involving theft under IPC 498,498,theft,yes,undertrial,civil
1113,Case involving domestic under IPC 379,379,domestic,no,undertrial,civil
1114,Case involving domestic under IPC 447,447,domestic,no,bail,criminal
1115,Case involving domestic under IPC 392,392,domestic,yes,convicted,fast-track
1116,Case involving domestic under IPC 447,447,domestic,no,bail,criminal
1117,Case involving fraud under IPC 392,392,fraud,no,convicted,civil
1118,Case involving theft under IPC 420,420,theft,no,bail,criminal
1119,Case involving trespass under IPC 420,420,trespass,no,undertrial,fast-track
1120,Case involving robbery under IPC 420,420,robbery,yes,undertrial,criminal
1121,Case involving trespass under IPC 392,392,trespass,yes,undertrial,criminal
1122,Case involving theft under IPC 498,498,theft,no,undertrial,civil
1123,Case involving robbery under IPC 498,498,robbery,no,bail,fast-track
1124,Case involving domestic under IPC 379,379,domestic,yes,convicted,fast-track
1125,Case involving fraud under IPC 379,379,fraud,no,convicted,civil
1126,Case involving domestic under IPC 392,392,domestic,no,convicted,fast-track
1127,Case involving domestic under IPC 498,498,domestic,no,bail,fast-track
1128,Case involving fraud under IPC 379,379,fraud,no,convicted,civil
1129,Case involving fraud under IPC 392,392,fraud,no,bail,fast-track
1130,Case involving theft under IPC 420,420,theft,yes,convicted,fast-track
1131,Case involving robbery under IPC 379,379,robbery,yes,bail,civil
1132,Case involving fraud under IPC 420,420,fraud,yes,undertrial,civil
1133,Case involving domestic under IPC 392,392,domestic,yes,undertrial,fast-track
1134,Case involving trespass under IPC 498,498,trespass,no,convicted,criminal
1135,Case involving trespass under IPC 447,447,trespass,yes,bail,civil
1136,Case involving domestic under IPC 420,420,domestic,yes,convicted,civil
1137,Case involving robbery under IPC 392,392,robbery,yes,bail,fast-track
1138,Case involving trespass under IPC 392,392,trespass,yes,convicted,civil
1139,Case involving domestic under IPC 498,498,domestic,yes,undertrial,fast-track
1140,Case involving domestic under IPC 392,392,domestic,no,convicted,criminal
1141,Case involving fraud under IPC 420,420,fraud,no,convicted,civil
1142,Case involving fraud under IPC 447,447,fraud,yes,undertrial,fast-track
1143,Case involving fraud under IPC 379,379,fraud,yes,convicted,fast-track
1144,Case involving robbery under IPC 420,420,robbery,yes,bail,criminal
1145,Case involving fraud under IPC 392,392,fraud,yes,convicted,criminal
1146,Case involving trespass under IPC 447,447,trespass,yes,undertrial,fast-track
1147,Case involving robbery under IPC 498,498,robbery,no,bail,fast-track
1148,Case involving theft under IPC 447,447,theft,no,undertrial,civil
1149,Case involving domestic under IPC 392,392,domestic,yes,convicted,criminal
1150,Case involving fraud under IPC 420,420,fraud,no,bail,fast-track
1151,Case involving theft under IPC 420,420,theft,no,convicted,fast-track
1152,Case involving theft under IPC 420,420,theft,no,bail,fast-track
1153,Case involving trespass under IPC 420,420,trespass,yes,undertrial,criminal
1154,Case involving fraud under IPC 498,498,fraud,no,bail,fast-track
1155,Case involving domestic under IPC 498,498,domestic,no,undertrial,criminal
1156,Case involving domestic under IPC 498,498,domestic,yes,bail,criminal
1157,Case involving trespass under IPC 420,420,trespass,yes,undertrial,criminal
1158,Case involving fraud under IPC 498,498,fraud,yes,convicted,fast-track
1159,Case involving robbery under IPC 420,420,robbery,yes,bail,civil
1160,Case involving trespass under IPC 498,498,trespass,no,undertrial,fast-track
1161,Case involving domestic under IPC 392,392,domestic,yes,convicted,fast-track
1162,Case involving trespass under IPC 498,498,trespass,no,undertrial,civil
1163,Case involving theft under IPC 392,392,theft,no,bail,criminal
1164,Case involving trespass under IPC 498,498,trespass,no,undertrial,fast-track
1165,Case involving domestic under IPC 379,379,domestic,no,undertrial,fast-track
1166,Case involving trespass under IPC 447,447,trespass,yes,convicted,fast-track
1167,Case involving theft under IPC 392,392,theft,no,undertrial,fast-track
1168,Case involving robbery under IPC 447,447,robbery,yes,convicted,fast-track
1169,Case involving robbery under IPC 379,379,robbery,yes,undertrial,criminal
1170,Case involving robbery under IPC 447,447,robbery,no,bail,civil
1171,Case involving robbery under IPC 498,498,robbery,no,undertrial,civil
1172,Case involving domestic under IPC 379,379,domestic,yes,bail,criminal
1173,Case involving theft under IPC 498,498,theft,yes,undertrial,fast-track
1174,Case involving theft under IPC 420,420,theft,yes,undertrial,criminal
1175,Case involving fraud under IPC 420,420,fraud,no,undertrial,criminal
1176,Case involving trespass under IPC 447,447,trespass,yes,convicted,civil
1177,Case involving robbery under IPC 392,392,robbery,yes,convicted,fast-track
1178,Case involving trespass under IPC 379,379,trespass,yes,bail,criminal
1179,Case involving fraud under IPC 392,392,fraud,yes,bail,fast-track
1180,Case involving fraud under IPC 498,498,fraud,yes,convicted,criminal
1181,Case involving robbery under IPC 447,447,robbery,no,convicted,criminal
1182,Case involving robbery under IPC 498,498,robbery,yes,bail,civil
1183,Case involving trespass under IPC 392,392,trespass,no,undertrial,fast-track
1184,Case involving robbery under IPC 447,447,robbery,no,bail,civil
1185,Case involving trespass under IPC 420,420,trespass,no,bail,fast-track
1186,Case involving domestic under IPC 392,392,domestic,yes,convicted,criminal
1187,Case involving theft under IPC 392,392,theft,no,convicted,fast-track
1188,Case involving domestic under IPC 498,498,domestic,no,undertrial,criminal
1189,Case involving fraud under IPC 392,392,fraud,no,convicted,criminal
1190,Case involving robbery under IPC 447,447,robbery,yes,undertrial,fast-track
1191,Case involving robbery under IPC 447,447,robbery,no,bail,civil
1192,Case involving robbery under IPC 498,498,robbery,no,convicted,fast-track
1193,Case involving theft under IPC 379,379,theft,yes,undertrial,fast-track
1194,Case involving domestic under IPC 420,420,domestic,no,undertrial,criminal
1195,Case involving robbery under IPC 392,392,robbery,no,bail,civil
1196,Case involving fraud under IPC 498,498,fraud,yes,undertrial,civil
1197,Case involving fraud under IPC 379,379,fraud,yes,bail,fast-track
1198,Case involving robbery under IPC 379,379,robbery,no,undertrial,fast-track
1199,Case involving robbery under IPC 392,392,robbery,yes,undertrial,fast-track
1200,Case involving theft under IPC 392,392,theft,yes,undertrial,fast-track
