case_id,summary,urgency_nlp,bail_eligibility_nlp,case_complexity,keywords
1,Legal case summary text 1,high,0,low,keyword1 keyword2
2,Legal case summary text 2,medium,0,low,keyword1 keyword2
3,Legal case summary text 3,medium,0,high,keyword1 keyword2
4,Legal case summary text 4,high,1,high,keyword1 keyword2
5,Legal case summary text 5,medium,0,high,keyword1 keyword2
6,Legal case summary text 6,low,1,medium,keyword1 keyword2
7,Legal case summary text 7,medium,1,high,keyword1 keyword2
8,Legal case summary text 8,high,1,low,keyword1 keyword2
9,Legal case summary text 9,medium,0,low,keyword1 keyword2
10,Legal case summary text 10,low,1,high,keyword1 keyword2
11,Legal case summary text 11,high,0,high,keyword1 keyword2
12,Legal case summary text 12,low,0,medium,keyword1 keyword2
13,Legal case summary text 13,low,0,medium,keyword1 keyword2
14,Legal case summary text 14,low,1,high,keyword1 keyword2
15,Legal case summary text 15,medium,1,high,keyword1 keyword2
16,Legal case summary text 16,medium,1,low,keyword1 keyword2
17,Legal case summary text 17,high,1,medium,keyword1 keyword2
18,Legal case summary text 18,medium,0,high,keyword1 keyword2
19,Legal case summary text 19,low,1,high,keyword1 keyword2
20,Legal case summary text 20,high,0,medium,keyword1 keyword2
21,Legal case summary text 21,high,0,medium,keyword1 keyword2
22,Legal case summary text 22,high,1,high,keyword1 keyword2
23,Legal case summary text 23,medium,0,high,keyword1 keyword2
24,Legal case summary text 24,low,1,low,keyword1 keyword2
25,Legal case summary text 25,low,0,low,keyword1 keyword2
26,Legal case summary text 26,high,0,high,keyword1 keyword2
27,Legal case summary text 27,medium,0,low,keyword1 keyword2
28,Legal case summary text 28,low,1,high,keyword1 keyword2
29,Legal case summary text 29,low,0,medium,keyword1 keyword2
30,Legal case summary text 30,low,1,low,keyword1 keyword2
31,Legal case summary text 31,low,0,medium,keyword1 keyword2
32,Legal case summary text 32,low,1,medium,keyword1 keyword2
33,Legal case summary text 33,high,1,high,keyword1 keyword2
34,Legal case summary text 34,medium,0,medium,keyword1 keyword2
35,Legal case summary text 35,high,1,low,keyword1 keyword2
36,Legal case summary text 36,high,0,low,keyword1 keyword2
37,Legal case summary text 37,medium,0,medium,keyword1 keyword2
38,Legal case summary text 38,high,0,high,keyword1 keyword2
39,Legal case summary text 39,medium,0,high,keyword1 keyword2
40,Legal case summary text 40,medium,1,medium,keyword1 keyword2
41,Legal case summary text 41,medium,0,high,keyword1 keyword2
42,Legal case summary text 42,low,1,low,keyword1 keyword2
43,Legal case summary text 43,medium,0,low,keyword1 keyword2
44,Legal case summary text 44,medium,0,high,keyword1 keyword2
45,Legal case summary text 45,high,0,low,keyword1 keyword2
46,Legal case summary text 46,high,1,low,keyword1 keyword2
47,Legal case summary text 47,high,0,medium,keyword1 keyword2
48,Legal case summary text 48,high,1,low,keyword1 keyword2
49,Legal case summary text 49,low,1,high,keyword1 keyword2
50,Legal case summary text 50,high,1,high,keyword1 keyword2
51,Legal case summary text 51,high,1,medium,keyword1 keyword2
52,Legal case summary text 52,high,0,high,keyword1 keyword2
53,Legal case summary text 53,high,1,medium,keyword1 keyword2
54,Legal case summary text 54,medium,0,medium,keyword1 keyword2
55,Legal case summary text 55,low,1,medium,keyword1 keyword2
56,Legal case summary text 56,medium,0,medium,keyword1 keyword2
57,Legal case summary text 57,low,0,medium,keyword1 keyword2
58,Legal case summary text 58,medium,1,medium,keyword1 keyword2
59,Legal case summary text 59,high,0,medium,keyword1 keyword2
60,Legal case summary text 60,high,0,medium,keyword1 keyword2
61,Legal case summary text 61,high,0,medium,keyword1 keyword2
62,Legal case summary text 62,low,0,high,keyword1 keyword2
63,Legal case summary text 63,low,1,low,keyword1 keyword2
64,Legal case summary text 64,high,1,medium,keyword1 keyword2
65,Legal case summary text 65,high,1,high,keyword1 keyword2
66,Legal case summary text 66,low,1,high,keyword1 keyword2
67,Legal case summary text 67,medium,0,high,keyword1 keyword2
68,Legal case summary text 68,medium,1,high,keyword1 keyword2
69,Legal case summary text 69,medium,1,high,keyword1 keyword2
70,Legal case summary text 70,high,1,low,keyword1 keyword2
71,Legal case summary text 71,low,0,high,keyword1 keyword2
72,Legal case summary text 72,medium,0,medium,keyword1 keyword2
73,Legal case summary text 73,high,0,medium,keyword1 keyword2
74,Legal case summary text 74,high,0,medium,keyword1 keyword2
75,Legal case summary text 75,high,0,low,keyword1 keyword2
76,Legal case summary text 76,low,1,medium,keyword1 keyword2
77,Legal case summary text 77,low,0,low,keyword1 keyword2
78,Legal case summary text 78,low,0,medium,keyword1 keyword2
79,Legal case summary text 79,high,0,medium,keyword1 keyword2
80,Legal case summary text 80,high,0,high,keyword1 keyword2
81,Legal case summary text 81,low,0,high,keyword1 keyword2
82,Legal case summary text 82,high,0,low,keyword1 keyword2
83,Legal case summary text 83,low,1,medium,keyword1 keyword2
84,Legal case summary text 84,low,1,high,keyword1 keyword2
85,Legal case summary text 85,low,0,low,keyword1 keyword2
86,Legal case summary text 86,high,0,high,keyword1 keyword2
87,Legal case summary text 87,low,0,low,keyword1 keyword2
88,Legal case summary text 88,high,1,high,keyword1 keyword2
89,Legal case summary text 89,medium,1,medium,keyword1 keyword2
90,Legal case summary text 90,low,0,high,keyword1 keyword2
91,Legal case summary text 91,medium,1,low,keyword1 keyword2
92,Legal case summary text 92,high,0,medium,keyword1 keyword2
93,Legal case summary text 93,low,1,medium,keyword1 keyword2
94,Legal case summary text 94,medium,1,medium,keyword1 keyword2
95,Legal case summary text 95,low,0,low,keyword1 keyword2
96,Legal case summary text 96,low,0,low,keyword1 keyword2
97,Legal case summary text 97,high,1,high,keyword1 keyword2
98,Legal case summary text 98,high,0,high,keyword1 keyword2
99,Legal case summary text 99,high,1,high,keyword1 keyword2
100,Legal case summary text 100,medium,0,low,keyword1 keyword2
101,Legal case summary text 101,medium,1,low,keyword1 keyword2
102,Legal case summary text 102,medium,0,high,keyword1 keyword2
103,Legal case summary text 103,low,0,medium,keyword1 keyword2
104,Legal case summary text 104,high,0,medium,keyword1 keyword2
105,Legal case summary text 105,medium,1,high,keyword1 keyword2
106,Legal case summary text 106,high,1,low,keyword1 keyword2
107,Legal case summary text 107,low,0,medium,keyword1 keyword2
108,Legal case summary text 108,medium,1,low,keyword1 keyword2
109,Legal case summary text 109,medium,1,medium,keyword1 keyword2
110,Legal case summary text 110,high,0,high,keyword1 keyword2
111,Legal case summary text 111,high,0,low,keyword1 keyword2
112,Legal case summary text 112,medium,0,high,keyword1 keyword2
113,Legal case summary text 113,high,1,low,keyword1 keyword2
114,Legal case summary text 114,medium,1,low,keyword1 keyword2
115,Legal case summary text 115,high,0,medium,keyword1 keyword2
116,Legal case summary text 116,medium,0,high,keyword1 keyword2
117,Legal case summary text 117,low,0,low,keyword1 keyword2
118,Legal case summary text 118,high,0,low,keyword1 keyword2
119,Legal case summary text 119,medium,0,low,keyword1 keyword2
120,Legal case summary text 120,medium,0,high,keyword1 keyword2
121,Legal case summary text 121,low,0,high,keyword1 keyword2
122,Legal case summary text 122,high,0,medium,keyword1 keyword2
123,Legal case summary text 123,high,0,medium,keyword1 keyword2
124,Legal case summary text 124,low,1,low,keyword1 keyword2
125,Legal case summary text 125,low,0,low,keyword1 keyword2
126,Legal case summary text 126,high,0,medium,keyword1 keyword2
127,Legal case summary text 127,high,0,low,keyword1 keyword2
128,Legal case summary text 128,low,0,medium,keyword1 keyword2
129,Legal case summary text 129,high,1,medium,keyword1 keyword2
130,Legal case summary text 130,low,0,low,keyword1 keyword2
131,Legal case summary text 131,low,1,medium,keyword1 keyword2
132,Legal case summary text 132,low,0,low,keyword1 keyword2
133,Legal case summary text 133,medium,1,low,keyword1 keyword2
134,Legal case summary text 134,medium,0,low,keyword1 keyword2
135,Legal case summary text 135,low,1,medium,keyword1 keyword2
136,Legal case summary text 136,low,1,low,keyword1 keyword2
137,Legal case summary text 137,medium,1,high,keyword1 keyword2
138,Legal case summary text 138,medium,0,low,keyword1 keyword2
139,Legal case summary text 139,low,1,low,keyword1 keyword2
140,Legal case summary text 140,high,0,high,keyword1 keyword2
141,Legal case summary text 141,medium,1,low,keyword1 keyword2
142,Legal case summary text 142,high,0,low,keyword1 keyword2
143,Legal case summary text 143,low,0,medium,keyword1 keyword2
144,Legal case summary text 144,low,1,low,keyword1 keyword2
145,Legal case summary text 145,low,1,high,keyword1 keyword2
146,Legal case summary text 146,low,1,low,keyword1 keyword2
147,Legal case summary text 147,medium,1,high,keyword1 keyword2
148,Legal case summary text 148,low,1,low,keyword1 keyword2
149,Legal case summary text 149,high,0,low,keyword1 keyword2
150,Legal case summary text 150,low,0,low,keyword1 keyword2
151,Legal case summary text 151,medium,0,low,keyword1 keyword2
152,Legal case summary text 152,medium,0,high,keyword1 keyword2
153,Legal case summary text 153,medium,0,medium,keyword1 keyword2
154,Legal case summary text 154,medium,1,high,keyword1 keyword2
155,Legal case summary text 155,medium,1,high,keyword1 keyword2
156,Legal case summary text 156,medium,1,medium,keyword1 keyword2
157,Legal case summary text 157,high,0,medium,keyword1 keyword2
158,Legal case summary text 158,medium,0,low,keyword1 keyword2
159,Legal case summary text 159,low,1,high,keyword1 keyword2
160,Legal case summary text 160,high,0,high,keyword1 keyword2
161,Legal case summary text 161,high,0,low,keyword1 keyword2
162,Legal case summary text 162,low,1,high,keyword1 keyword2
163,Legal case summary text 163,low,1,low,keyword1 keyword2
164,Legal case summary text 164,low,0,medium,keyword1 keyword2
165,Legal case summary text 165,high,0,medium,keyword1 keyword2
166,Legal case summary text 166,low,0,low,keyword1 keyword2
167,Legal case summary text 167,high,1,high,keyword1 keyword2
168,Legal case summary text 168,medium,0,medium,keyword1 keyword2
169,Legal case summary text 169,low,0,high,keyword1 keyword2
170,Legal case summary text 170,high,1,medium,keyword1 keyword2
171,Legal case summary text 171,high,1,medium,keyword1 keyword2
172,Legal case summary text 172,low,1,low,keyword1 keyword2
173,Legal case summary text 173,high,1,low,keyword1 keyword2
174,Legal case summary text 174,low,0,medium,keyword1 keyword2
175,Legal case summary text 175,high,0,medium,keyword1 keyword2
176,Legal case summary text 176,high,1,low,keyword1 keyword2
177,Legal case summary text 177,high,0,high,keyword1 keyword2
178,Legal case summary text 178,low,1,medium,keyword1 keyword2
179,Legal case summary text 179,high,1,medium,keyword1 keyword2
180,Legal case summary text 180,high,0,medium,keyword1 keyword2
181,Legal case summary text 181,low,0,low,keyword1 keyword2
182,Legal case summary text 182,high,1,high,keyword1 keyword2
183,Legal case summary text 183,high,1,medium,keyword1 keyword2
184,Legal case summary text 184,low,0,low,keyword1 keyword2
185,Legal case summary text 185,medium,1,medium,keyword1 keyword2
186,Legal case summary text 186,high,1,medium,keyword1 keyword2
187,Legal case summary text 187,high,1,medium,keyword1 keyword2
188,Legal case summary text 188,medium,1,high,keyword1 keyword2
189,Legal case summary text 189,low,0,medium,keyword1 keyword2
190,Legal case summary text 190,low,1,low,keyword1 keyword2
191,Legal case summary text 191,high,0,high,keyword1 keyword2
192,Legal case summary text 192,low,1,low,keyword1 keyword2
193,Legal case summary text 193,medium,0,low,keyword1 keyword2
194,Legal case summary text 194,high,0,high,keyword1 keyword2
195,Legal case summary text 195,low,0,high,keyword1 keyword2
196,Legal case summary text 196,high,0,low,keyword1 keyword2
197,Legal case summary text 197,high,0,high,keyword1 keyword2
198,Legal case summary text 198,high,1,high,keyword1 keyword2
199,Legal case summary text 199,high,0,medium,keyword1 keyword2
200,Legal case summary text 200,medium,1,high,keyword1 keyword2
201,Legal case summary text 201,low,1,medium,keyword1 keyword2
202,Legal case summary text 202,medium,1,high,keyword1 keyword2
203,Legal case summary text 203,medium,1,medium,keyword1 keyword2
204,Legal case summary text 204,low,1,medium,keyword1 keyword2
205,Legal case summary text 205,high,0,medium,keyword1 keyword2
206,Legal case summary text 206,low,1,low,keyword1 keyword2
207,Legal case summary text 207,high,0,low,keyword1 keyword2
208,Legal case summary text 208,medium,0,high,keyword1 keyword2
209,Legal case summary text 209,low,0,low,keyword1 keyword2
210,Legal case summary text 210,low,0,high,keyword1 keyword2
211,Legal case summary text 211,low,1,low,keyword1 keyword2
212,Legal case summary text 212,high,0,high,keyword1 keyword2
213,Legal case summary text 213,low,1,medium,keyword1 keyword2
214,Legal case summary text 214,low,1,medium,keyword1 keyword2
215,Legal case summary text 215,low,0,high,keyword1 keyword2
216,Legal case summary text 216,high,0,medium,keyword1 keyword2
217,Legal case summary text 217,low,1,high,keyword1 keyword2
218,Legal case summary text 218,medium,0,low,keyword1 keyword2
219,Legal case summary text 219,low,0,high,keyword1 keyword2
220,Legal case summary text 220,medium,0,high,keyword1 keyword2
221,Legal case summary text 221,medium,0,high,keyword1 keyword2
222,Legal case summary text 222,medium,1,low,keyword1 keyword2
223,Legal case summary text 223,low,0,high,keyword1 keyword2
224,Legal case summary text 224,medium,0,high,keyword1 keyword2
225,Legal case summary text 225,high,1,medium,keyword1 keyword2
226,Legal case summary text 226,low,1,high,keyword1 keyword2
227,Legal case summary text 227,medium,1,low,keyword1 keyword2
228,Legal case summary text 228,low,1,low,keyword1 keyword2
229,Legal case summary text 229,high,0,medium,keyword1 keyword2
230,Legal case summary text 230,low,0,high,keyword1 keyword2
231,Legal case summary text 231,high,1,high,keyword1 keyword2
232,Legal case summary text 232,low,0,low,keyword1 keyword2
233,Legal case summary text 233,low,0,medium,keyword1 keyword2
234,Legal case summary text 234,high,1,medium,keyword1 keyword2
235,Legal case summary text 235,low,0,high,keyword1 keyword2
236,Legal case summary text 236,high,0,high,keyword1 keyword2
237,Legal case summary text 237,medium,1,low,keyword1 keyword2
238,Legal case summary text 238,high,0,high,keyword1 keyword2
239,Legal case summary text 239,high,0,high,keyword1 keyword2
240,Legal case summary text 240,high,0,high,keyword1 keyword2
241,Legal case summary text 241,high,0,medium,keyword1 keyword2
242,Legal case summary text 242,low,1,low,keyword1 keyword2
243,Legal case summary text 243,medium,1,high,keyword1 keyword2
244,Legal case summary text 244,high,1,high,keyword1 keyword2
245,Legal case summary text 245,medium,1,medium,keyword1 keyword2
246,Legal case summary text 246,medium,0,high,keyword1 keyword2
247,Legal case summary text 247,low,0,high,keyword1 keyword2
248,Legal case summary text 248,low,1,low,keyword1 keyword2
249,Legal case summary text 249,high,1,low,keyword1 keyword2
250,Legal case summary text 250,high,1,low,keyword1 keyword2
251,Legal case summary text 251,low,0,high,keyword1 keyword2
252,Legal case summary text 252,high,1,low,keyword1 keyword2
253,Legal case summary text 253,high,0,medium,keyword1 keyword2
254,Legal case summary text 254,low,0,medium,keyword1 keyword2
255,Legal case summary text 255,medium,1,high,keyword1 keyword2
256,Legal case summary text 256,medium,1,medium,keyword1 keyword2
257,Legal case summary text 257,low,1,medium,keyword1 keyword2
258,Legal case summary text 258,high,1,high,keyword1 keyword2
259,Legal case summary text 259,medium,1,medium,keyword1 keyword2
260,Legal case summary text 260,high,0,medium,keyword1 keyword2
261,Legal case summary text 261,high,1,low,keyword1 keyword2
262,Legal case summary text 262,low,1,medium,keyword1 keyword2
263,Legal case summary text 263,low,0,high,keyword1 keyword2
264,Legal case summary text 264,high,0,medium,keyword1 keyword2
265,Legal case summary text 265,medium,1,medium,keyword1 keyword2
266,Legal case summary text 266,high,0,high,keyword1 keyword2
267,Legal case summary text 267,high,1,low,keyword1 keyword2
268,Legal case summary text 268,low,0,low,keyword1 keyword2
269,Legal case summary text 269,high,1,high,keyword1 keyword2
270,Legal case summary text 270,low,1,low,keyword1 keyword2
271,Legal case summary text 271,high,0,medium,keyword1 keyword2
272,Legal case summary text 272,high,0,high,keyword1 keyword2
273,Legal case summary text 273,low,0,medium,keyword1 keyword2
274,Legal case summary text 274,low,1,high,keyword1 keyword2
275,Legal case summary text 275,low,1,high,keyword1 keyword2
276,Legal case summary text 276,medium,1,low,keyword1 keyword2
277,Legal case summary text 277,low,1,high,keyword1 keyword2
278,Legal case summary text 278,low,0,high,keyword1 keyword2
279,Legal case summary text 279,medium,0,medium,keyword1 keyword2
280,Legal case summary text 280,medium,0,medium,keyword1 keyword2
281,Legal case summary text 281,high,0,high,keyword1 keyword2
282,Legal case summary text 282,low,0,high,keyword1 keyword2
283,Legal case summary text 283,medium,0,low,keyword1 keyword2
284,Legal case summary text 284,low,0,medium,keyword1 keyword2
285,Legal case summary text 285,high,0,low,keyword1 keyword2
286,Legal case summary text 286,low,0,low,keyword1 keyword2
287,Legal case summary text 287,high,0,medium,keyword1 keyword2
288,Legal case summary text 288,low,0,low,keyword1 keyword2
289,Legal case summary text 289,low,0,high,keyword1 keyword2
290,Legal case summary text 290,low,1,high,keyword1 keyword2
291,Legal case summary text 291,medium,1,low,keyword1 keyword2
292,Legal case summary text 292,high,0,low,keyword1 keyword2
293,Legal case summary text 293,low,0,low,keyword1 keyword2
294,Legal case summary text 294,medium,0,medium,keyword1 keyword2
295,Legal case summary text 295,high,1,high,keyword1 keyword2
296,Legal case summary text 296,low,1,medium,keyword1 keyword2
297,Legal case summary text 297,low,1,high,keyword1 keyword2
298,Legal case summary text 298,medium,0,low,keyword1 keyword2
299,Legal case summary text 299,medium,0,medium,keyword1 keyword2
300,Legal case summary text 300,high,0,high,keyword1 keyword2
301,Legal case summary text 301,high,0,low,keyword1 keyword2
302,Legal case summary text 302,high,0,high,keyword1 keyword2
303,Legal case summary text 303,high,0,medium,keyword1 keyword2
304,Legal case summary text 304,medium,1,medium,keyword1 keyword2
305,Legal case summary text 305,low,1,medium,keyword1 keyword2
306,Legal case summary text 306,medium,0,high,keyword1 keyword2
307,Legal case summary text 307,high,1,medium,keyword1 keyword2
308,Legal case summary text 308,low,0,low,keyword1 keyword2
309,Legal case summary text 309,low,1,high,keyword1 keyword2
310,Legal case summary text 310,high,1,medium,keyword1 keyword2
311,Legal case summary text 311,high,1,high,keyword1 keyword2
312,Legal case summary text 312,high,0,medium,keyword1 keyword2
313,Legal case summary text 313,medium,1,medium,keyword1 keyword2
314,Legal case summary text 314,low,0,low,keyword1 keyword2
315,Legal case summary text 315,high,0,high,keyword1 keyword2
316,Legal case summary text 316,medium,1,medium,keyword1 keyword2
317,Legal case summary text 317,medium,0,medium,keyword1 keyword2
318,Legal case summary text 318,high,1,medium,keyword1 keyword2
319,Legal case summary text 319,low,0,high,keyword1 keyword2
320,Legal case summary text 320,low,0,medium,keyword1 keyword2
321,Legal case summary text 321,low,1,low,keyword1 keyword2
322,Legal case summary text 322,medium,0,medium,keyword1 keyword2
323,Legal case summary text 323,low,1,medium,keyword1 keyword2
324,Legal case summary text 324,low,1,low,keyword1 keyword2
325,Legal case summary text 325,medium,1,medium,keyword1 keyword2
326,Legal case summary text 326,high,0,high,keyword1 keyword2
327,Legal case summary text 327,high,0,low,keyword1 keyword2
328,Legal case summary text 328,high,0,low,keyword1 keyword2
329,Legal case summary text 329,high,1,high,keyword1 keyword2
330,Legal case summary text 330,low,1,low,keyword1 keyword2
331,Legal case summary text 331,high,1,medium,keyword1 keyword2
332,Legal case summary text 332,high,1,medium,keyword1 keyword2
333,Legal case summary text 333,low,1,medium,keyword1 keyword2
334,Legal case summary text 334,medium,0,high,keyword1 keyword2
335,Legal case summary text 335,high,1,low,keyword1 keyword2
336,Legal case summary text 336,high,1,low,keyword1 keyword2
337,Legal case summary text 337,medium,0,low,keyword1 keyword2
338,Legal case summary text 338,high,1,low,keyword1 keyword2
339,Legal case summary text 339,medium,0,high,keyword1 keyword2
340,Legal case summary text 340,medium,1,low,keyword1 keyword2
341,Legal case summary text 341,high,1,medium,keyword1 keyword2
342,Legal case summary text 342,medium,0,medium,keyword1 keyword2
343,Legal case summary text 343,high,0,medium,keyword1 keyword2
344,Legal case summary text 344,medium,1,high,keyword1 keyword2
345,Legal case summary text 345,low,0,high,keyword1 keyword2
346,Legal case summary text 346,low,1,low,keyword1 keyword2
347,Legal case summary text 347,low,0,low,keyword1 keyword2
348,Legal case summary text 348,high,1,medium,keyword1 keyword2
349,Legal case summary text 349,medium,0,high,keyword1 keyword2
350,Legal case summary text 350,low,0,high,keyword1 keyword2
351,Legal case summary text 351,medium,1,medium,keyword1 keyword2
352,Legal case summary text 352,high,1,low,keyword1 keyword2
353,Legal case summary text 353,low,1,medium,keyword1 keyword2
354,Legal case summary text 354,medium,0,high,keyword1 keyword2
355,Legal case summary text 355,low,0,medium,keyword1 keyword2
356,Legal case summary text 356,low,1,medium,keyword1 keyword2
357,Legal case summary text 357,low,1,high,keyword1 keyword2
358,Legal case summary text 358,low,1,low,keyword1 keyword2
359,Legal case summary text 359,medium,0,high,keyword1 keyword2
360,Legal case summary text 360,high,0,medium,keyword1 keyword2
361,Legal case summary text 361,low,0,low,keyword1 keyword2
362,Legal case summary text 362,low,1,high,keyword1 keyword2
363,Legal case summary text 363,medium,0,high,keyword1 keyword2
364,Legal case summary text 364,medium,1,high,keyword1 keyword2
365,Legal case summary text 365,high,0,low,keyword1 keyword2
366,Legal case summary text 366,low,1,high,keyword1 keyword2
367,Legal case summary text 367,high,1,low,keyword1 keyword2
368,Legal case summary text 368,low,0,medium,keyword1 keyword2
369,Legal case summary text 369,medium,1,low,keyword1 keyword2
370,Legal case summary text 370,high,1,low,keyword1 keyword2
371,Legal case summary text 371,low,1,high,keyword1 keyword2
372,Legal case summary text 372,high,0,low,keyword1 keyword2
373,Legal case summary text 373,medium,0,low,keyword1 keyword2
374,Legal case summary text 374,high,0,high,keyword1 keyword2
375,Legal case summary text 375,high,0,low,keyword1 keyword2
376,Legal case summary text 376,low,1,low,keyword1 keyword2
377,Legal case summary text 377,medium,0,medium,keyword1 keyword2
378,Legal case summary text 378,high,1,medium,keyword1 keyword2
379,Legal case summary text 379,high,0,medium,keyword1 keyword2
380,Legal case summary text 380,high,1,low,keyword1 keyword2
381,Legal case summary text 381,low,1,high,keyword1 keyword2
382,Legal case summary text 382,low,1,high,keyword1 keyword2
383,Legal case summary text 383,high,1,low,keyword1 keyword2
384,Legal case summary text 384,medium,1,high,keyword1 keyword2
385,Legal case summary text 385,high,1,high,keyword1 keyword2
386,Legal case summary text 386,low,0,medium,keyword1 keyword2
387,Legal case summary text 387,low,0,medium,keyword1 keyword2
388,Legal case summary text 388,low,1,low,keyword1 keyword2
389,Legal case summary text 389,low,1,medium,keyword1 keyword2
390,Legal case summary text 390,low,1,low,keyword1 keyword2
391,Legal case summary text 391,high,1,high,keyword1 keyword2
392,Legal case summary text 392,high,0,medium,keyword1 keyword2
393,Legal case summary text 393,high,0,low,keyword1 keyword2
394,Legal case summary text 394,medium,1,high,keyword1 keyword2
395,Legal case summary text 395,medium,1,high,keyword1 keyword2
396,Legal case summary text 396,high,0,low,keyword1 keyword2
397,Legal case summary text 397,medium,1,high,keyword1 keyword2
398,Legal case summary text 398,medium,0,high,keyword1 keyword2
399,Legal case summary text 399,high,1,low,keyword1 keyword2
400,Legal case summary text 400,medium,1,low,keyword1 keyword2
401,Legal case summary text 401,high,0,low,keyword1 keyword2
402,Legal case summary text 402,medium,1,low,keyword1 keyword2
403,Legal case summary text 403,medium,0,low,keyword1 keyword2
404,Legal case summary text 404,high,1,high,keyword1 keyword2
405,Legal case summary text 405,medium,1,medium,keyword1 keyword2
406,Legal case summary text 406,high,1,medium,keyword1 keyword2
407,Legal case summary text 407,medium,0,high,keyword1 keyword2
408,Legal case summary text 408,high,0,medium,keyword1 keyword2
409,Legal case summary text 409,medium,0,low,keyword1 keyword2
410,Legal case summary text 410,high,0,high,keyword1 keyword2
411,Legal case summary text 411,high,1,low,keyword1 keyword2
412,Legal case summary text 412,medium,0,medium,keyword1 keyword2
413,Legal case summary text 413,low,1,low,keyword1 keyword2
414,Legal case summary text 414,low,1,high,keyword1 keyword2
415,Legal case summary text 415,medium,0,medium,keyword1 keyword2
416,Legal case summary text 416,low,0,medium,keyword1 keyword2
417,Legal case summary text 417,low,0,high,keyword1 keyword2
418,Legal case summary text 418,medium,0,high,keyword1 keyword2
419,Legal case summary text 419,high,0,high,keyword1 keyword2
420,Legal case summary text 420,medium,0,high,keyword1 keyword2
421,Legal case summary text 421,medium,0,medium,keyword1 keyword2
422,Legal case summary text 422,medium,0,high,keyword1 keyword2
423,Legal case summary text 423,medium,0,low,keyword1 keyword2
424,Legal case summary text 424,high,1,high,keyword1 keyword2
425,Legal case summary text 425,high,0,low,keyword1 keyword2
426,Legal case summary text 426,high,1,low,keyword1 keyword2
427,Legal case summary text 427,high,0,medium,keyword1 keyword2
428,Legal case summary text 428,low,0,high,keyword1 keyword2
429,Legal case summary text 429,medium,1,medium,keyword1 keyword2
430,Legal case summary text 430,high,0,low,keyword1 keyword2
431,Legal case summary text 431,low,1,medium,keyword1 keyword2
432,Legal case summary text 432,medium,0,low,keyword1 keyword2
433,Legal case summary text 433,low,0,medium,keyword1 keyword2
434,Legal case summary text 434,low,1,medium,keyword1 keyword2
435,Legal case summary text 435,high,0,medium,keyword1 keyword2
436,Legal case summary text 436,high,0,low,keyword1 keyword2
437,Legal case summary text 437,low,0,high,keyword1 keyword2
438,Legal case summary text 438,low,1,low,keyword1 keyword2
439,Legal case summary text 439,high,1,low,keyword1 keyword2
440,Legal case summary text 440,medium,1,low,keyword1 keyword2
441,Legal case summary text 441,medium,0,low,keyword1 keyword2
442,Legal case summary text 442,high,0,medium,keyword1 keyword2
443,Legal case summary text 443,high,0,high,keyword1 keyword2
444,Legal case summary text 444,low,0,high,keyword1 keyword2
445,Legal case summary text 445,high,0,high,keyword1 keyword2
446,Legal case summary text 446,low,1,medium,keyword1 keyword2
447,Legal case summary text 447,low,0,low,keyword1 keyword2
448,Legal case summary text 448,medium,0,high,keyword1 keyword2
449,Legal case summary text 449,high,0,high,keyword1 keyword2
450,Legal case summary text 450,high,0,high,keyword1 keyword2
451,Legal case summary text 451,medium,0,medium,keyword1 keyword2
452,Legal case summary text 452,high,1,low,keyword1 keyword2
453,Legal case summary text 453,medium,1,high,keyword1 keyword2
454,Legal case summary text 454,low,1,low,keyword1 keyword2
455,Legal case summary text 455,high,0,low,keyword1 keyword2
456,Legal case summary text 456,high,0,low,keyword1 keyword2
457,Legal case summary text 457,high,1,high,keyword1 keyword2
458,Legal case summary text 458,high,1,high,keyword1 keyword2
459,Legal case summary text 459,medium,0,medium,keyword1 keyword2
460,Legal case summary text 460,medium,1,high,keyword1 keyword2
461,Legal case summary text 461,medium,0,high,keyword1 keyword2
462,Legal case summary text 462,medium,0,low,keyword1 keyword2
463,Legal case summary text 463,medium,1,medium,keyword1 keyword2
464,Legal case summary text 464,high,1,high,keyword1 keyword2
465,Legal case summary text 465,high,0,low,keyword1 keyword2
466,Legal case summary text 466,low,1,high,keyword1 keyword2
467,Legal case summary text 467,medium,0,high,keyword1 keyword2
468,Legal case summary text 468,medium,1,low,keyword1 keyword2
469,Legal case summary text 469,medium,0,medium,keyword1 keyword2
470,Legal case summary text 470,low,1,medium,keyword1 keyword2
471,Legal case summary text 471,medium,1,low,keyword1 keyword2
472,Legal case summary text 472,low,0,medium,keyword1 keyword2
473,Legal case summary text 473,low,1,low,keyword1 keyword2
474,Legal case summary text 474,medium,1,high,keyword1 keyword2
475,Legal case summary text 475,low,1,medium,keyword1 keyword2
476,Legal case summary text 476,medium,1,medium,keyword1 keyword2
477,Legal case summary text 477,low,0,high,keyword1 keyword2
478,Legal case summary text 478,medium,0,high,keyword1 keyword2
479,Legal case summary text 479,high,0,medium,keyword1 keyword2
480,Legal case summary text 480,medium,0,low,keyword1 keyword2
481,Legal case summary text 481,medium,0,low,keyword1 keyword2
482,Legal case summary text 482,high,0,high,keyword1 keyword2
483,Legal case summary text 483,low,0,medium,keyword1 keyword2
484,Legal case summary text 484,high,0,high,keyword1 keyword2
485,Legal case summary text 485,high,0,low,keyword1 keyword2
486,Legal case summary text 486,high,1,low,keyword1 keyword2
487,Legal case summary text 487,low,0,low,keyword1 keyword2
488,Legal case summary text 488,low,0,medium,keyword1 keyword2
489,Legal case summary text 489,medium,1,high,keyword1 keyword2
490,Legal case summary text 490,medium,1,high,keyword1 keyword2
491,Legal case summary text 491,medium,1,low,keyword1 keyword2
492,Legal case summary text 492,medium,0,medium,keyword1 keyword2
493,Legal case summary text 493,low,1,medium,keyword1 keyword2
494,Legal case summary text 494,high,0,high,keyword1 keyword2
495,Legal case summary text 495,medium,1,low,keyword1 keyword2
496,Legal case summary text 496,medium,0,low,keyword1 keyword2
497,Legal case summary text 497,low,0,high,keyword1 keyword2
498,Legal case summary text 498,medium,0,medium,keyword1 keyword2
499,Legal case summary text 499,high,1,medium,keyword1 keyword2
500,Legal case summary text 500,medium,1,low,keyword1 keyword2
501,Legal case summary text 501,medium,1,high,keyword1 keyword2
502,Legal case summary text 502,high,0,medium,keyword1 keyword2
503,Legal case summary text 503,medium,0,low,keyword1 keyword2
504,Legal case summary text 504,medium,1,medium,keyword1 keyword2
505,Legal case summary text 505,high,1,medium,keyword1 keyword2
506,Legal case summary text 506,medium,1,high,keyword1 keyword2
507,Legal case summary text 507,high,1,high,keyword1 keyword2
508,Legal case summary text 508,medium,0,high,keyword1 keyword2
509,Legal case summary text 509,low,0,low,keyword1 keyword2
510,Legal case summary text 510,high,1,high,keyword1 keyword2
511,Legal case summary text 511,medium,0,medium,keyword1 keyword2
512,Legal case summary text 512,medium,1,low,keyword1 keyword2
513,Legal case summary text 513,high,1,medium,keyword1 keyword2
514,Legal case summary text 514,medium,0,medium,keyword1 keyword2
515,Legal case summary text 515,high,0,low,keyword1 keyword2
516,Legal case summary text 516,medium,1,medium,keyword1 keyword2
517,Legal case summary text 517,medium,1,high,keyword1 keyword2
518,Legal case summary text 518,low,1,medium,keyword1 keyword2
519,Legal case summary text 519,low,1,medium,keyword1 keyword2
520,Legal case summary text 520,low,0,medium,keyword1 keyword2
521,Legal case summary text 521,low,0,medium,keyword1 keyword2
522,Legal case summary text 522,medium,1,high,keyword1 keyword2
523,Legal case summary text 523,medium,1,medium,keyword1 keyword2
524,Legal case summary text 524,medium,1,medium,keyword1 keyword2
525,Legal case summary text 525,medium,0,high,keyword1 keyword2
526,Legal case summary text 526,low,1,high,keyword1 keyword2
527,Legal case summary text 527,medium,1,low,keyword1 keyword2
528,Legal case summary text 528,medium,0,high,keyword1 keyword2
529,Legal case summary text 529,low,1,high,keyword1 keyword2
530,Legal case summary text 530,medium,0,high,keyword1 keyword2
531,Legal case summary text 531,medium,1,medium,keyword1 keyword2
532,Legal case summary text 532,high,1,medium,keyword1 keyword2
533,Legal case summary text 533,medium,0,medium,keyword1 keyword2
534,Legal case summary text 534,low,0,low,keyword1 keyword2
535,Legal case summary text 535,medium,0,low,keyword1 keyword2
536,Legal case summary text 536,medium,1,low,keyword1 keyword2
537,Legal case summary text 537,high,0,medium,keyword1 keyword2
538,Legal case summary text 538,low,0,medium,keyword1 keyword2
539,Legal case summary text 539,low,1,low,keyword1 keyword2
540,Legal case summary text 540,high,0,high,keyword1 keyword2
541,Legal case summary text 541,low,0,low,keyword1 keyword2
542,Legal case summary text 542,high,0,medium,keyword1 keyword2
543,Legal case summary text 543,low,0,medium,keyword1 keyword2
544,Legal case summary text 544,low,0,low,keyword1 keyword2
545,Legal case summary text 545,medium,0,low,keyword1 keyword2
546,Legal case summary text 546,medium,1,high,keyword1 keyword2
547,Legal case summary text 547,high,0,medium,keyword1 keyword2
548,Legal case summary text 548,medium,0,low,keyword1 keyword2
549,Legal case summary text 549,high,0,low,keyword1 keyword2
550,Legal case summary text 550,high,0,low,keyword1 keyword2
551,Legal case summary text 551,high,1,medium,keyword1 keyword2
552,Legal case summary text 552,low,0,medium,keyword1 keyword2
553,Legal case summary text 553,medium,1,low,keyword1 keyword2
554,Legal case summary text 554,high,0,low,keyword1 keyword2
555,Legal case summary text 555,high,1,medium,keyword1 keyword2
556,Legal case summary text 556,high,1,high,keyword1 keyword2
557,Legal case summary text 557,low,0,low,keyword1 keyword2
558,Legal case summary text 558,low,0,low,keyword1 keyword2
559,Legal case summary text 559,medium,0,medium,keyword1 keyword2
560,Legal case summary text 560,low,0,low,keyword1 keyword2
561,Legal case summary text 561,medium,1,low,keyword1 keyword2
562,Legal case summary text 562,low,0,high,keyword1 keyword2
563,Legal case summary text 563,medium,0,low,keyword1 keyword2
564,Legal case summary text 564,medium,1,medium,keyword1 keyword2
565,Legal case summary text 565,low,1,low,keyword1 keyword2
566,Legal case summary text 566,high,1,high,keyword1 keyword2
567,Legal case summary text 567,medium,0,high,keyword1 keyword2
568,Legal case summary text 568,medium,1,low,keyword1 keyword2
569,Legal case summary text 569,low,0,medium,keyword1 keyword2
570,Legal case summary text 570,high,1,high,keyword1 keyword2
571,Legal case summary text 571,low,0,medium,keyword1 keyword2
572,Legal case summary text 572,high,0,low,keyword1 keyword2
573,Legal case summary text 573,high,0,high,keyword1 keyword2
574,Legal case summary text 574,medium,1,high,keyword1 keyword2
575,Legal case summary text 575,low,1,medium,keyword1 keyword2
576,Legal case summary text 576,high,1,low,keyword1 keyword2
577,Legal case summary text 577,low,0,low,keyword1 keyword2
578,Legal case summary text 578,low,0,low,keyword1 keyword2
579,Legal case summary text 579,medium,0,low,keyword1 keyword2
580,Legal case summary text 580,medium,0,medium,keyword1 keyword2
581,Legal case summary text 581,medium,0,high,keyword1 keyword2
582,Legal case summary text 582,high,0,medium,keyword1 keyword2
583,Legal case summary text 583,low,1,high,keyword1 keyword2
584,Legal case summary text 584,medium,0,low,keyword1 keyword2
585,Legal case summary text 585,low,0,low,keyword1 keyword2
586,Legal case summary text 586,medium,1,high,keyword1 keyword2
587,Legal case summary text 587,low,0,medium,keyword1 keyword2
588,Legal case summary text 588,low,1,high,keyword1 keyword2
589,Legal case summary text 589,high,0,high,keyword1 keyword2
590,Legal case summary text 590,high,1,low,keyword1 keyword2
591,Legal case summary text 591,low,0,high,keyword1 keyword2
592,Legal case summary text 592,medium,1,medium,keyword1 keyword2
593,Legal case summary text 593,medium,1,low,keyword1 keyword2
594,Legal case summary text 594,medium,1,medium,keyword1 keyword2
595,Legal case summary text 595,low,1,high,keyword1 keyword2
596,Legal case summary text 596,medium,0,high,keyword1 keyword2
597,Legal case summary text 597,high,0,medium,keyword1 keyword2
598,Legal case summary text 598,high,1,low,keyword1 keyword2
599,Legal case summary text 599,medium,0,low,keyword1 keyword2
600,Legal case summary text 600,low,0,low,keyword1 keyword2
601,Legal case summary text 601,medium,1,medium,keyword1 keyword2
602,Legal case summary text 602,high,0,medium,keyword1 keyword2
603,Legal case summary text 603,high,0,medium,keyword1 keyword2
604,Legal case summary text 604,low,0,medium,keyword1 keyword2
605,Legal case summary text 605,high,0,high,keyword1 keyword2
606,Legal case summary text 606,low,1,medium,keyword1 keyword2
607,Legal case summary text 607,low,0,low,keyword1 keyword2
608,Legal case summary text 608,medium,0,medium,keyword1 keyword2
609,Legal case summary text 609,high,0,high,keyword1 keyword2
610,Legal case summary text 610,high,0,low,keyword1 keyword2
611,Legal case summary text 611,high,0,low,keyword1 keyword2
612,Legal case summary text 612,high,0,high,keyword1 keyword2
613,Legal case summary text 613,low,1,medium,keyword1 keyword2
614,Legal case summary text 614,high,0,low,keyword1 keyword2
615,Legal case summary text 615,low,0,high,keyword1 keyword2
616,Legal case summary text 616,low,0,medium,keyword1 keyword2
617,Legal case summary text 617,low,1,low,keyword1 keyword2
618,Legal case summary text 618,medium,0,medium,keyword1 keyword2
619,Legal case summary text 619,low,0,low,keyword1 keyword2
620,Legal case summary text 620,low,0,low,keyword1 keyword2
621,Legal case summary text 621,high,0,low,keyword1 keyword2
622,Legal case summary text 622,medium,1,low,keyword1 keyword2
623,Legal case summary text 623,low,0,high,keyword1 keyword2
624,Legal case summary text 624,medium,0,low,keyword1 keyword2
625,Legal case summary text 625,medium,1,low,keyword1 keyword2
626,Legal case summary text 626,low,1,medium,keyword1 keyword2
627,Legal case summary text 627,low,0,high,keyword1 keyword2
628,Legal case summary text 628,high,1,low,keyword1 keyword2
629,Legal case summary text 629,low,1,high,keyword1 keyword2
630,Legal case summary text 630,low,1,medium,keyword1 keyword2
631,Legal case summary text 631,medium,0,medium,keyword1 keyword2
632,Legal case summary text 632,medium,0,medium,keyword1 keyword2
633,Legal case summary text 633,high,1,medium,keyword1 keyword2
634,Legal case summary text 634,low,0,high,keyword1 keyword2
635,Legal case summary text 635,low,1,low,keyword1 keyword2
636,Legal case summary text 636,low,0,high,keyword1 keyword2
637,Legal case summary text 637,high,0,low,keyword1 keyword2
638,Legal case summary text 638,low,1,high,keyword1 keyword2
639,Legal case summary text 639,medium,0,high,keyword1 keyword2
640,Legal case summary text 640,low,1,low,keyword1 keyword2
641,Legal case summary text 641,low,1,low,keyword1 keyword2
642,Legal case summary text 642,high,1,high,keyword1 keyword2
643,Legal case summary text 643,medium,1,low,keyword1 keyword2
644,Legal case summary text 644,low,0,medium,keyword1 keyword2
645,Legal case summary text 645,medium,1,medium,keyword1 keyword2
646,Legal case summary text 646,low,0,high,keyword1 keyword2
647,Legal case summary text 647,medium,1,low,keyword1 keyword2
648,Legal case summary text 648,low,1,medium,keyword1 keyword2
649,Legal case summary text 649,medium,0,low,keyword1 keyword2
650,Legal case summary text 650,high,1,low,keyword1 keyword2
651,Legal case summary text 651,low,0,low,keyword1 keyword2
652,Legal case summary text 652,low,0,low,keyword1 keyword2
653,Legal case summary text 653,medium,0,low,keyword1 keyword2
654,Legal case summary text 654,medium,1,high,keyword1 keyword2
655,Legal case summary text 655,low,1,medium,keyword1 keyword2
656,Legal case summary text 656,high,1,high,keyword1 keyword2
657,Legal case summary text 657,high,1,medium,keyword1 keyword2
658,Legal case summary text 658,high,1,low,keyword1 keyword2
659,Legal case summary text 659,low,0,low,keyword1 keyword2
660,Legal case summary text 660,medium,0,low,keyword1 keyword2
661,Legal case summary text 661,low,0,medium,keyword1 keyword2
662,Legal case summary text 662,medium,0,medium,keyword1 keyword2
663,Legal case summary text 663,low,0,low,keyword1 keyword2
664,Legal case summary text 664,high,0,medium,keyword1 keyword2
665,Legal case summary text 665,low,0,high,keyword1 keyword2
666,Legal case summary text 666,low,0,medium,keyword1 keyword2
667,Legal case summary text 667,low,0,high,keyword1 keyword2
668,Legal case summary text 668,medium,0,medium,keyword1 keyword2
669,Legal case summary text 669,high,1,low,keyword1 keyword2
670,Legal case summary text 670,high,1,medium,keyword1 keyword2
671,Legal case summary text 671,medium,1,medium,keyword1 keyword2
672,Legal case summary text 672,medium,1,high,keyword1 keyword2
673,Legal case summary text 673,high,1,low,keyword1 keyword2
674,Legal case summary text 674,high,0,low,keyword1 keyword2
675,Legal case summary text 675,high,0,high,keyword1 keyword2
676,Legal case summary text 676,low,0,low,keyword1 keyword2
677,Legal case summary text 677,medium,0,medium,keyword1 keyword2
678,Legal case summary text 678,medium,1,low,keyword1 keyword2
679,Legal case summary text 679,high,1,low,keyword1 keyword2
680,Legal case summary text 680,high,0,low,keyword1 keyword2
681,Legal case summary text 681,low,1,medium,keyword1 keyword2
682,Legal case summary text 682,medium,0,medium,keyword1 keyword2
683,Legal case summary text 683,medium,1,low,keyword1 keyword2
684,Legal case summary text 684,high,0,medium,keyword1 keyword2
685,Legal case summary text 685,high,1,medium,keyword1 keyword2
686,Legal case summary text 686,medium,0,high,keyword1 keyword2
687,Legal case summary text 687,medium,1,high,keyword1 keyword2
688,Legal case summary text 688,medium,0,low,keyword1 keyword2
689,Legal case summary text 689,medium,1,medium,keyword1 keyword2
690,Legal case summary text 690,high,1,low,keyword1 keyword2
691,Legal case summary text 691,high,0,low,keyword1 keyword2
692,Legal case summary text 692,low,1,high,keyword1 keyword2
693,Legal case summary text 693,medium,0,medium,keyword1 keyword2
694,Legal case summary text 694,medium,0,low,keyword1 keyword2
695,Legal case summary text 695,low,0,low,keyword1 keyword2
696,Legal case summary text 696,medium,0,medium,keyword1 keyword2
697,Legal case summary text 697,medium,1,medium,keyword1 keyword2
698,Legal case summary text 698,medium,0,medium,keyword1 keyword2
699,Legal case summary text 699,medium,1,medium,keyword1 keyword2
700,Legal case summary text 700,low,1,high,keyword1 keyword2
701,Legal case summary text 701,low,0,high,keyword1 keyword2
702,Legal case summary text 702,medium,1,low,keyword1 keyword2
703,Legal case summary text 703,medium,1,low,keyword1 keyword2
704,Legal case summary text 704,medium,0,high,keyword1 keyword2
705,Legal case summary text 705,low,0,high,keyword1 keyword2
706,Legal case summary text 706,medium,0,low,keyword1 keyword2
707,Legal case summary text 707,low,0,high,keyword1 keyword2
708,Legal case summary text 708,high,1,high,keyword1 keyword2
709,Legal case summary text 709,low,1,low,keyword1 keyword2
710,Legal case summary text 710,medium,0,low,keyword1 keyword2
711,Legal case summary text 711,low,1,low,keyword1 keyword2
712,Legal case summary text 712,high,0,medium,keyword1 keyword2
713,Legal case summary text 713,low,1,low,keyword1 keyword2
714,Legal case summary text 714,high,1,high,keyword1 keyword2
715,Legal case summary text 715,high,0,high,keyword1 keyword2
716,Legal case summary text 716,medium,0,medium,keyword1 keyword2
717,Legal case summary text 717,low,0,high,keyword1 keyword2
718,Legal case summary text 718,low,1,low,keyword1 keyword2
719,Legal case summary text 719,high,1,low,keyword1 keyword2
720,Legal case summary text 720,low,0,medium,keyword1 keyword2
721,Legal case summary text 721,high,1,high,keyword1 keyword2
722,Legal case summary text 722,medium,0,medium,keyword1 keyword2
723,Legal case summary text 723,medium,1,high,keyword1 keyword2
724,Legal case summary text 724,high,1,high,keyword1 keyword2
725,Legal case summary text 725,high,0,medium,keyword1 keyword2
726,Legal case summary text 726,low,0,high,keyword1 keyword2
727,Legal case summary text 727,low,0,high,keyword1 keyword2
728,Legal case summary text 728,medium,0,high,keyword1 keyword2
729,Legal case summary text 729,high,0,medium,keyword1 keyword2
730,Legal case summary text 730,high,1,medium,keyword1 keyword2
731,Legal case summary text 731,low,1,low,keyword1 keyword2
732,Legal case summary text 732,high,1,low,keyword1 keyword2
733,Legal case summary text 733,medium,0,high,keyword1 keyword2
734,Legal case summary text 734,low,1,high,keyword1 keyword2
735,Legal case summary text 735,high,1,high,keyword1 keyword2
736,Legal case summary text 736,low,0,low,keyword1 keyword2
737,Legal case summary text 737,medium,0,high,keyword1 keyword2
738,Legal case summary text 738,high,1,high,keyword1 keyword2
739,Legal case summary text 739,high,0,low,keyword1 keyword2
740,Legal case summary text 740,medium,0,high,keyword1 keyword2
741,Legal case summary text 741,low,1,high,keyword1 keyword2
742,Legal case summary text 742,low,0,low,keyword1 keyword2
743,Legal case summary text 743,low,1,low,keyword1 keyword2
744,Legal case summary text 744,medium,0,low,keyword1 keyword2
745,Legal case summary text 745,high,0,low,keyword1 keyword2
746,Legal case summary text 746,low,0,low,keyword1 keyword2
747,Legal case summary text 747,high,1,high,keyword1 keyword2
748,Legal case summary text 748,low,1,low,keyword1 keyword2
749,Legal case summary text 749,low,1,medium,keyword1 keyword2
750,Legal case summary text 750,high,1,low,keyword1 keyword2
751,Legal case summary text 751,high,0,high,keyword1 keyword2
752,Legal case summary text 752,high,0,medium,keyword1 keyword2
753,Legal case summary text 753,high,1,low,keyword1 keyword2
754,Legal case summary text 754,medium,0,low,keyword1 keyword2
755,Legal case summary text 755,high,0,high,keyword1 keyword2
756,Legal case summary text 756,medium,1,high,keyword1 keyword2
757,Legal case summary text 757,high,0,low,keyword1 keyword2
758,Legal case summary text 758,high,0,high,keyword1 keyword2
759,Legal case summary text 759,medium,1,high,keyword1 keyword2
760,Legal case summary text 760,low,1,high,keyword1 keyword2
761,Legal case summary text 761,low,0,medium,keyword1 keyword2
762,Legal case summary text 762,high,0,low,keyword1 keyword2
763,Legal case summary text 763,low,1,medium,keyword1 keyword2
764,Legal case summary text 764,low,0,low,keyword1 keyword2
765,Legal case summary text 765,medium,0,medium,keyword1 keyword2
766,Legal case summary text 766,low,0,low,keyword1 keyword2
767,Legal case summary text 767,high,0,low,keyword1 keyword2
768,Legal case summary text 768,high,1,medium,keyword1 keyword2
769,Legal case summary text 769,medium,1,high,keyword1 keyword2
770,Legal case summary text 770,low,1,low,keyword1 keyword2
771,Legal case summary text 771,high,0,high,keyword1 keyword2
772,Legal case summary text 772,high,1,high,keyword1 keyword2
773,Legal case summary text 773,high,1,medium,keyword1 keyword2
774,Legal case summary text 774,high,0,high,keyword1 keyword2
775,Legal case summary text 775,medium,0,high,keyword1 keyword2
776,Legal case summary text 776,high,0,medium,keyword1 keyword2
777,Legal case summary text 777,medium,1,low,keyword1 keyword2
778,Legal case summary text 778,medium,0,high,keyword1 keyword2
779,Legal case summary text 779,low,0,medium,keyword1 keyword2
780,Legal case summary text 780,medium,1,high,keyword1 keyword2
781,Legal case summary text 781,low,0,high,keyword1 keyword2
782,Legal case summary text 782,medium,1,low,keyword1 keyword2
783,Legal case summary text 783,low,0,high,keyword1 keyword2
784,Legal case summary text 784,medium,0,low,keyword1 keyword2
785,Legal case summary text 785,high,1,low,keyword1 keyword2
786,Legal case summary text 786,medium,0,medium,keyword1 keyword2
787,Legal case summary text 787,low,1,low,keyword1 keyword2
788,Legal case summary text 788,high,0,low,keyword1 keyword2
789,Legal case summary text 789,low,0,high,keyword1 keyword2
790,Legal case summary text 790,low,1,low,keyword1 keyword2
791,Legal case summary text 791,low,0,high,keyword1 keyword2
792,Legal case summary text 792,low,1,high,keyword1 keyword2
793,Legal case summary text 793,high,0,high,keyword1 keyword2
794,Legal case summary text 794,low,0,medium,keyword1 keyword2
795,Legal case summary text 795,medium,0,low,keyword1 keyword2
796,Legal case summary text 796,high,1,high,keyword1 keyword2
797,Legal case summary text 797,medium,0,medium,keyword1 keyword2
798,Legal case summary text 798,high,1,medium,keyword1 keyword2
799,Legal case summary text 799,low,1,medium,keyword1 keyword2
800,Legal case summary text 800,medium,0,high,keyword1 keyword2
801,Legal case summary text 801,low,1,medium,keyword1 keyword2
802,Legal case summary text 802,low,0,high,keyword1 keyword2
803,Legal case summary text 803,high,1,low,keyword1 keyword2
804,Legal case summary text 804,high,1,medium,keyword1 keyword2
805,Legal case summary text 805,low,0,medium,keyword1 keyword2
806,Legal case summary text 806,low,0,high,keyword1 keyword2
807,Legal case summary text 807,low,1,medium,keyword1 keyword2
808,Legal case summary text 808,medium,0,low,keyword1 keyword2
809,Legal case summary text 809,high,0,medium,keyword1 keyword2
810,Legal case summary text 810,high,0,high,keyword1 keyword2
811,Legal case summary text 811,high,0,low,keyword1 keyword2
812,Legal case summary text 812,high,1,medium,keyword1 keyword2
813,Legal case summary text 813,low,1,low,keyword1 keyword2
814,Legal case summary text 814,medium,0,high,keyword1 keyword2
815,Legal case summary text 815,medium,0,high,keyword1 keyword2
816,Legal case summary text 816,medium,1,medium,keyword1 keyword2
817,Legal case summary text 817,medium,0,medium,keyword1 keyword2
818,Legal case summary text 818,low,1,high,keyword1 keyword2
819,Legal case summary text 819,low,0,high,keyword1 keyword2
820,Legal case summary text 820,high,0,low,keyword1 keyword2
821,Legal case summary text 821,low,1,high,keyword1 keyword2
822,Legal case summary text 822,medium,0,low,keyword1 keyword2
823,Legal case summary text 823,low,0,high,keyword1 keyword2
824,Legal case summary text 824,low,1,medium,keyword1 keyword2
825,Legal case summary text 825,low,1,high,keyword1 keyword2
826,Legal case summary text 826,medium,0,medium,keyword1 keyword2
827,Legal case summary text 827,low,1,high,keyword1 keyword2
828,Legal case summary text 828,low,1,medium,keyword1 keyword2
829,Legal case summary text 829,high,0,low,keyword1 keyword2
830,Legal case summary text 830,medium,1,medium,keyword1 keyword2
831,Legal case summary text 831,high,1,medium,keyword1 keyword2
832,Legal case summary text 832,medium,0,medium,keyword1 keyword2
833,Legal case summary text 833,medium,0,low,keyword1 keyword2
834,Legal case summary text 834,low,1,low,keyword1 keyword2
835,Legal case summary text 835,medium,0,low,keyword1 keyword2
836,Legal case summary text 836,low,1,medium,keyword1 keyword2
837,Legal case summary text 837,high,0,low,keyword1 keyword2
838,Legal case summary text 838,high,0,medium,keyword1 keyword2
839,Legal case summary text 839,low,1,medium,keyword1 keyword2
840,Legal case summary text 840,high,0,low,keyword1 keyword2
841,Legal case summary text 841,medium,1,low,keyword1 keyword2
842,Legal case summary text 842,high,0,low,keyword1 keyword2
843,Legal case summary text 843,medium,0,medium,keyword1 keyword2
844,Legal case summary text 844,high,0,medium,keyword1 keyword2
845,Legal case summary text 845,low,1,medium,keyword1 keyword2
846,Legal case summary text 846,high,0,high,keyword1 keyword2
847,Legal case summary text 847,low,0,low,keyword1 keyword2
848,Legal case summary text 848,low,0,low,keyword1 keyword2
849,Legal case summary text 849,medium,1,low,keyword1 keyword2
850,Legal case summary text 850,high,1,low,keyword1 keyword2
851,Legal case summary text 851,low,1,high,keyword1 keyword2
852,Legal case summary text 852,high,1,low,keyword1 keyword2
853,Legal case summary text 853,low,1,low,keyword1 keyword2
854,Legal case summary text 854,high,0,low,keyword1 keyword2
855,Legal case summary text 855,medium,1,medium,keyword1 keyword2
856,Legal case summary text 856,high,0,medium,keyword1 keyword2
857,Legal case summary text 857,high,0,medium,keyword1 keyword2
858,Legal case summary text 858,medium,0,high,keyword1 keyword2
859,Legal case summary text 859,high,1,low,keyword1 keyword2
860,Legal case summary text 860,medium,0,medium,keyword1 keyword2
861,Legal case summary text 861,low,1,high,keyword1 keyword2
862,Legal case summary text 862,high,0,low,keyword1 keyword2
863,Legal case summary text 863,medium,1,high,keyword1 keyword2
864,Legal case summary text 864,medium,0,high,keyword1 keyword2
865,Legal case summary text 865,high,0,low,keyword1 keyword2
866,Legal case summary text 866,low,0,low,keyword1 keyword2
867,Legal case summary text 867,medium,0,high,keyword1 keyword2
868,Legal case summary text 868,medium,0,high,keyword1 keyword2
869,Legal case summary text 869,high,0,medium,keyword1 keyword2
870,Legal case summary text 870,low,1,low,keyword1 keyword2
871,Legal case summary text 871,high,1,low,keyword1 keyword2
872,Legal case summary text 872,low,0,low,keyword1 keyword2
873,Legal case summary text 873,high,0,high,keyword1 keyword2
874,Legal case summary text 874,high,1,high,keyword1 keyword2
875,Legal case summary text 875,low,1,medium,keyword1 keyword2
876,Legal case summary text 876,medium,0,medium,keyword1 keyword2
877,Legal case summary text 877,high,1,medium,keyword1 keyword2
878,Legal case summary text 878,medium,1,high,keyword1 keyword2
879,Legal case summary text 879,medium,0,medium,keyword1 keyword2
880,Legal case summary text 880,low,1,high,keyword1 keyword2
881,Legal case summary text 881,medium,0,medium,keyword1 keyword2
882,Legal case summary text 882,medium,0,medium,keyword1 keyword2
883,Legal case summary text 883,low,1,low,keyword1 keyword2
884,Legal case summary text 884,low,1,high,keyword1 keyword2
885,Legal case summary text 885,high,0,low,keyword1 keyword2
886,Legal case summary text 886,medium,0,high,keyword1 keyword2
887,Legal case summary text 887,medium,0,low,keyword1 keyword2
888,Legal case summary text 888,low,0,high,keyword1 keyword2
889,Legal case summary text 889,medium,0,low,keyword1 keyword2
890,Legal case summary text 890,high,0,low,keyword1 keyword2
891,Legal case summary text 891,low,1,low,keyword1 keyword2
892,Legal case summary text 892,medium,1,low,keyword1 keyword2
893,Legal case summary text 893,low,1,medium,keyword1 keyword2
894,Legal case summary text 894,high,0,medium,keyword1 keyword2
895,Legal case summary text 895,medium,1,high,keyword1 keyword2
896,Legal case summary text 896,high,0,medium,keyword1 keyword2
897,Legal case summary text 897,medium,1,low,keyword1 keyword2
898,Legal case summary text 898,low,0,high,keyword1 keyword2
899,Legal case summary text 899,low,0,low,keyword1 keyword2
900,Legal case summary text 900,low,0,medium,keyword1 keyword2
901,Legal case summary text 901,medium,1,medium,keyword1 keyword2
902,Legal case summary text 902,high,0,high,keyword1 keyword2
903,Legal case summary text 903,high,1,low,keyword1 keyword2
904,Legal case summary text 904,medium,1,high,keyword1 keyword2
905,Legal case summary text 905,medium,0,high,keyword1 keyword2
906,Legal case summary text 906,medium,0,high,keyword1 keyword2
907,Legal case summary text 907,high,0,low,keyword1 keyword2
908,Legal case summary text 908,medium,0,high,keyword1 keyword2
909,Legal case summary text 909,low,0,medium,keyword1 keyword2
910,Legal case summary text 910,medium,0,medium,keyword1 keyword2
911,Legal case summary text 911,low,1,high,keyword1 keyword2
912,Legal case summary text 912,low,1,high,keyword1 keyword2
913,Legal case summary text 913,low,1,high,keyword1 keyword2
914,Legal case summary text 914,medium,0,medium,keyword1 keyword2
915,Legal case summary text 915,medium,0,high,keyword1 keyword2
916,Legal case summary text 916,low,1,low,keyword1 keyword2
917,Legal case summary text 917,medium,0,high,keyword1 keyword2
918,Legal case summary text 918,low,1,high,keyword1 keyword2
919,Legal case summary text 919,high,0,medium,keyword1 keyword2
920,Legal case summary text 920,medium,1,high,keyword1 keyword2
921,Legal case summary text 921,high,0,medium,keyword1 keyword2
922,Legal case summary text 922,high,1,medium,keyword1 keyword2
923,Legal case summary text 923,high,0,medium,keyword1 keyword2
924,Legal case summary text 924,low,0,high,keyword1 keyword2
925,Legal case summary text 925,high,0,high,keyword1 keyword2
926,Legal case summary text 926,low,0,medium,keyword1 keyword2
927,Legal case summary text 927,medium,1,high,keyword1 keyword2
928,Legal case summary text 928,high,0,medium,keyword1 keyword2
929,Legal case summary text 929,low,1,low,keyword1 keyword2
930,Legal case summary text 930,low,0,high,keyword1 keyword2
931,Legal case summary text 931,medium,1,low,keyword1 keyword2
932,Legal case summary text 932,low,1,medium,keyword1 keyword2
933,Legal case summary text 933,medium,0,low,keyword1 keyword2
934,Legal case summary text 934,low,1,low,keyword1 keyword2
935,Legal case summary text 935,medium,0,low,keyword1 keyword2
936,Legal case summary text 936,medium,0,high,keyword1 keyword2
937,Legal case summary text 937,high,1,medium,keyword1 keyword2
938,Legal case summary text 938,low,0,high,keyword1 keyword2
939,Legal case summary text 939,high,1,low,keyword1 keyword2
940,Legal case summary text 940,low,1,medium,keyword1 keyword2
941,Legal case summary text 941,medium,1,low,keyword1 keyword2
942,Legal case summary text 942,low,0,low,keyword1 keyword2
943,Legal case summary text 943,high,1,medium,keyword1 keyword2
944,Legal case summary text 944,high,1,high,keyword1 keyword2
945,Legal case summary text 945,low,1,medium,keyword1 keyword2
946,Legal case summary text 946,low,0,low,keyword1 keyword2
947,Legal case summary text 947,medium,0,low,keyword1 keyword2
948,Legal case summary text 948,low,0,high,keyword1 keyword2
949,Legal case summary text 949,low,0,high,keyword1 keyword2
950,Legal case summary text 950,low,1,medium,keyword1 keyword2
951,Legal case summary text 951,medium,0,high,keyword1 keyword2
952,Legal case summary text 952,low,0,medium,keyword1 keyword2
953,Legal case summary text 953,high,1,medium,keyword1 keyword2
954,Legal case summary text 954,medium,1,high,keyword1 keyword2
955,Legal case summary text 955,high,1,high,keyword1 keyword2
956,Legal case summary text 956,high,1,medium,keyword1 keyword2
957,Legal case summary text 957,medium,0,low,keyword1 keyword2
958,Legal case summary text 958,high,0,low,keyword1 keyword2
959,Legal case summary text 959,low,1,medium,keyword1 keyword2
960,Legal case summary text 960,high,0,low,keyword1 keyword2
961,Legal case summary text 961,high,1,high,keyword1 keyword2
962,Legal case summary text 962,high,0,low,keyword1 keyword2
963,Legal case summary text 963,medium,1,high,keyword1 keyword2
964,Legal case summary text 964,medium,0,low,keyword1 keyword2
965,Legal case summary text 965,medium,0,medium,keyword1 keyword2
966,Legal case summary text 966,medium,0,high,keyword1 keyword2
967,Legal case summary text 967,medium,0,low,keyword1 keyword2
968,Legal case summary text 968,low,1,high,keyword1 keyword2
969,Legal case summary text 969,low,1,high,keyword1 keyword2
970,Legal case summary text 970,medium,0,medium,keyword1 keyword2
971,Legal case summary text 971,low,1,low,keyword1 keyword2
972,Legal case summary text 972,low,0,low,keyword1 keyword2
973,Legal case summary text 973,high,1,high,keyword1 keyword2
974,Legal case summary text 974,high,0,high,keyword1 keyword2
975,Legal case summary text 975,low,0,low,keyword1 keyword2
976,Legal case summary text 976,medium,0,medium,keyword1 keyword2
977,Legal case summary text 977,high,1,medium,keyword1 keyword2
978,Legal case summary text 978,low,0,low,keyword1 keyword2
979,Legal case summary text 979,high,0,medium,keyword1 keyword2
980,Legal case summary text 980,medium,1,high,keyword1 keyword2
981,Legal case summary text 981,medium,0,medium,keyword1 keyword2
982,Legal case summary text 982,medium,1,high,keyword1 keyword2
983,Legal case summary text 983,high,1,high,keyword1 keyword2
984,Legal case summary text 984,high,0,high,keyword1 keyword2
985,Legal case summary text 985,high,1,high,keyword1 keyword2
986,Legal case summary text 986,high,1,high,keyword1 keyword2
987,Legal case summary text 987,low,1,medium,keyword1 keyword2
988,Legal case summary text 988,medium,0,medium,keyword1 keyword2
989,Legal case summary text 989,low,0,low,keyword1 keyword2
990,Legal case summary text 990,medium,1,medium,keyword1 keyword2
991,Legal case summary text 991,medium,1,high,keyword1 keyword2
992,Legal case summary text 992,high,1,low,keyword1 keyword2
993,Legal case summary text 993,medium,1,high,keyword1 keyword2
994,Legal case summary text 994,high,1,low,keyword1 keyword2
995,Legal case summary text 995,high,0,high,keyword1 keyword2
996,Legal case summary text 996,medium,0,medium,keyword1 keyword2
997,Legal case summary text 997,low,1,low,keyword1 keyword2
998,Legal case summary text 998,medium,1,low,keyword1 keyword2
999,Legal case summary text 999,high,1,low,keyword1 keyword2
1000,Legal case summary text 1000,medium,0,medium,keyword1 keyword2
1001,Legal case summary text 1001,high,0,low,keyword1 keyword2
1002,Legal case summary text 1002,low,1,medium,keyword1 keyword2
1003,Legal case summary text 1003,low,0,high,keyword1 keyword2
1004,Legal case summary text 1004,low,0,medium,keyword1 keyword2
1005,Legal case summary text 1005,low,1,high,keyword1 keyword2
1006,Legal case summary text 1006,medium,0,low,keyword1 keyword2
1007,Legal case summary text 1007,low,1,medium,keyword1 keyword2
1008,Legal case summary text 1008,medium,0,medium,keyword1 keyword2
1009,Legal case summary text 1009,high,1,medium,keyword1 keyword2
1010,Legal case summary text 1010,medium,1,high,keyword1 keyword2
1011,Legal case summary text 1011,medium,1,high,keyword1 keyword2
1012,Legal case summary text 1012,low,1,high,keyword1 keyword2
1013,Legal case summary text 1013,low,0,medium,keyword1 keyword2
1014,Legal case summary text 1014,medium,1,high,keyword1 keyword2
1015,Legal case summary text 1015,low,0,low,keyword1 keyword2
1016,Legal case summary text 1016,high,1,high,keyword1 keyword2
1017,Legal case summary text 1017,high,1,medium,keyword1 keyword2
1018,Legal case summary text 1018,medium,1,high,keyword1 keyword2
1019,Legal case summary text 1019,low,0,low,keyword1 keyword2
1020,Legal case summary text 1020,medium,0,high,keyword1 keyword2
1021,Legal case summary text 1021,low,1,medium,keyword1 keyword2
1022,Legal case summary text 1022,high,1,high,keyword1 keyword2
1023,Legal case summary text 1023,low,0,low,keyword1 keyword2
1024,Legal case summary text 1024,high,1,medium,keyword1 keyword2
1025,Legal case summary text 1025,low,0,high,keyword1 keyword2
1026,Legal case summary text 1026,high,0,medium,keyword1 keyword2
1027,Legal case summary text 1027,high,1,low,keyword1 keyword2
1028,Legal case summary text 1028,low,0,low,keyword1 keyword2
1029,Legal case summary text 1029,medium,1,low,keyword1 keyword2
1030,Legal case summary text 1030,low,0,low,keyword1 keyword2
1031,Legal case summary text 1031,low,1,high,keyword1 keyword2
1032,Legal case summary text 1032,medium,1,high,keyword1 keyword2
1033,Legal case summary text 1033,medium,1,medium,keyword1 keyword2
1034,Legal case summary text 1034,high,0,low,keyword1 keyword2
1035,Legal case summary text 1035,medium,1,medium,keyword1 keyword2
1036,Legal case summary text 1036,high,0,medium,keyword1 keyword2
1037,Legal case summary text 1037,medium,0,low,keyword1 keyword2
1038,Legal case summary text 1038,high,0,high,keyword1 keyword2
1039,Legal case summary text 1039,low,0,medium,keyword1 keyword2
1040,Legal case summary text 1040,low,0,medium,keyword1 keyword2
1041,Legal case summary text 1041,medium,0,low,keyword1 keyword2
1042,Legal case summary text 1042,medium,0,high,keyword1 keyword2
1043,Legal case summary text 1043,high,1,medium,keyword1 keyword2
1044,Legal case summary text 1044,low,0,medium,keyword1 keyword2
1045,Legal case summary text 1045,medium,0,high,keyword1 keyword2
1046,Legal case summary text 1046,medium,1,medium,keyword1 keyword2
1047,Legal case summary text 1047,low,0,low,keyword1 keyword2
1048,Legal case summary text 1048,low,1,high,keyword1 keyword2
1049,Legal case summary text 1049,medium,0,low,keyword1 keyword2
1050,Legal case summary text 1050,low,1,low,keyword1 keyword2
1051,Legal case summary text 1051,high,1,medium,keyword1 keyword2
1052,Legal case summary text 1052,low,0,high,keyword1 keyword2
1053,Legal case summary text 1053,high,1,high,keyword1 keyword2
1054,Legal case summary text 1054,high,0,high,keyword1 keyword2
1055,Legal case summary text 1055,medium,0,high,keyword1 keyword2
1056,Legal case summary text 1056,medium,1,low,keyword1 keyword2
1057,Legal case summary text 1057,low,1,medium,keyword1 keyword2
1058,Legal case summary text 1058,high,0,high,keyword1 keyword2
1059,Legal case summary text 1059,high,1,low,keyword1 keyword2
1060,Legal case summary text 1060,low,1,medium,keyword1 keyword2
1061,Legal case summary text 1061,high,0,high,keyword1 keyword2
1062,Legal case summary text 1062,medium,0,high,keyword1 keyword2
1063,Legal case summary text 1063,high,0,medium,keyword1 keyword2
1064,Legal case summary text 1064,low,1,high,keyword1 keyword2
1065,Legal case summary text 1065,low,1,low,keyword1 keyword2
1066,Legal case summary text 1066,high,1,high,keyword1 keyword2
1067,Legal case summary text 1067,high,0,high,keyword1 keyword2
1068,Legal case summary text 1068,low,1,medium,keyword1 keyword2
1069,Legal case summary text 1069,low,0,medium,keyword1 keyword2
1070,Legal case summary text 1070,medium,1,medium,keyword1 keyword2
1071,Legal case summary text 1071,high,0,low,keyword1 keyword2
1072,Legal case summary text 1072,low,1,low,keyword1 keyword2
1073,Legal case summary text 1073,low,1,medium,keyword1 keyword2
1074,Legal case summary text 1074,low,0,low,keyword1 keyword2
1075,Legal case summary text 1075,medium,1,low,keyword1 keyword2
1076,Legal case summary text 1076,medium,1,high,keyword1 keyword2
1077,Legal case summary text 1077,low,1,low,keyword1 keyword2
1078,Legal case summary text 1078,medium,0,low,keyword1 keyword2
1079,Legal case summary text 1079,medium,0,high,keyword1 keyword2
1080,Legal case summary text 1080,low,1,low,keyword1 keyword2
1081,Legal case summary text 1081,low,1,medium,keyword1 keyword2
1082,Legal case summary text 1082,medium,0,low,keyword1 keyword2
1083,Legal case summary text 1083,medium,1,low,keyword1 keyword2
1084,Legal case summary text 1084,low,0,medium,keyword1 keyword2
1085,Legal case summary text 1085,medium,0,low,keyword1 keyword2
1086,Legal case summary text 1086,high,0,low,keyword1 keyword2
1087,Legal case summary text 1087,low,0,high,keyword1 keyword2
1088,Legal case summary text 1088,medium,0,high,keyword1 keyword2
1089,Legal case summary text 1089,medium,1,medium,keyword1 keyword2
1090,Legal case summary text 1090,high,0,medium,keyword1 keyword2
1091,Legal case summary text 1091,low,1,low,keyword1 keyword2
1092,Legal case summary text 1092,low,1,high,keyword1 keyword2
1093,Legal case summary text 1093,low,0,high,keyword1 keyword2
1094,Legal case summary text 1094,medium,1,medium,keyword1 keyword2
1095,Legal case summary text 1095,low,0,high,keyword1 keyword2
1096,Legal case summary text 1096,medium,0,high,keyword1 keyword2
1097,Legal case summary text 1097,low,1,low,keyword1 keyword2
1098,Legal case summary text 1098,low,1,medium,keyword1 keyword2
1099,Legal case summary text 1099,high,0,high,keyword1 keyword2
1100,Legal case summary text 1100,high,1,low,keyword1 keyword2
1101,Legal case summary text 1101,low,1,high,keyword1 keyword2
1102,Legal case summary text 1102,high,1,high,keyword1 keyword2
1103,Legal case summary text 1103,high,0,low,keyword1 keyword2
1104,Legal case summary text 1104,low,1,medium,keyword1 keyword2
1105,Legal case summary text 1105,medium,0,high,keyword1 keyword2
1106,Legal case summary text 1106,high,0,medium,keyword1 keyword2
1107,Legal case summary text 1107,medium,1,medium,keyword1 keyword2
1108,Legal case summary text 1108,high,1,low,keyword1 keyword2
1109,Legal case summary text 1109,high,1,high,keyword1 keyword2
1110,Legal case summary text 1110,low,0,medium,keyword1 keyword2
1111,Legal case summary text 1111,high,1,low,keyword1 keyword2
1112,Legal case summary text 1112,high,1,low,keyword1 keyword2
1113,Legal case summary text 1113,medium,1,low,keyword1 keyword2
1114,Legal case summary text 1114,medium,1,low,keyword1 keyword2
1115,Legal case summary text 1115,medium,0,high,keyword1 keyword2
1116,Legal case summary text 1116,low,0,medium,keyword1 keyword2
1117,Legal case summary text 1117,low,0,high,keyword1 keyword2
1118,Legal case summary text 1118,low,1,low,keyword1 keyword2
1119,Legal case summary text 1119,low,0,low,keyword1 keyword2
1120,Legal case summary text 1120,medium,0,medium,keyword1 keyword2
1121,Legal case summary text 1121,medium,1,high,keyword1 keyword2
1122,Legal case summary text 1122,medium,1,high,keyword1 keyword2
1123,Legal case summary text 1123,medium,1,low,keyword1 keyword2
1124,Legal case summary text 1124,high,0,low,keyword1 keyword2
1125,Legal case summary text 1125,low,1,medium,keyword1 keyword2
1126,Legal case summary text 1126,low,1,medium,keyword1 keyword2
1127,Legal case summary text 1127,medium,1,high,keyword1 keyword2
1128,Legal case summary text 1128,medium,0,high,keyword1 keyword2
1129,Legal case summary text 1129,low,1,medium,keyword1 keyword2
1130,Legal case summary text 1130,medium,1,high,keyword1 keyword2
1131,Legal case summary text 1131,high,0,high,keyword1 keyword2
1132,Legal case summary text 1132,high,1,low,keyword1 keyword2
1133,Legal case summary text 1133,high,1,high,keyword1 keyword2
1134,Legal case summary text 1134,low,1,high,keyword1 keyword2
1135,Legal case summary text 1135,low,0,high,keyword1 keyword2
1136,Legal case summary text 1136,low,1,low,keyword1 keyword2
1137,Legal case summary text 1137,medium,1,low,keyword1 keyword2
1138,Legal case summary text 1138,high,1,medium,keyword1 keyword2
1139,Legal case summary text 1139,medium,1,low,keyword1 keyword2
1140,Legal case summary text 1140,high,1,low,keyword1 keyword2
1141,Legal case summary text 1141,medium,0,medium,keyword1 keyword2
1142,Legal case summary text 1142,medium,0,high,keyword1 keyword2
1143,Legal case summary text 1143,low,0,low,keyword1 keyword2
1144,Legal case summary text 1144,medium,1,low,keyword1 keyword2
1145,Legal case summary text 1145,medium,1,low,keyword1 keyword2
1146,Legal case summary text 1146,high,1,high,keyword1 keyword2
1147,Legal case summary text 1147,medium,0,low,keyword1 keyword2
1148,Legal case summary text 1148,medium,0,medium,keyword1 keyword2
1149,Legal case summary text 1149,medium,1,medium,keyword1 keyword2
1150,Legal case summary text 1150,low,1,medium,keyword1 keyword2
1151,Legal case summary text 1151,low,1,high,keyword1 keyword2
1152,Legal case summary text 1152,high,0,medium,keyword1 keyword2
1153,Legal case summary text 1153,low,0,high,keyword1 keyword2
1154,Legal case summary text 1154,medium,1,high,keyword1 keyword2
1155,Legal case summary text 1155,medium,1,low,keyword1 keyword2
1156,Legal case summary text 1156,medium,0,high,keyword1 keyword2
1157,Legal case summary text 1157,medium,1,high,keyword1 keyword2
1158,Legal case summary text 1158,high,1,high,keyword1 keyword2
1159,Legal case summary text 1159,high,0,medium,keyword1 keyword2
1160,Legal case summary text 1160,medium,0,medium,keyword1 keyword2
1161,Legal case summary text 1161,medium,0,low,keyword1 keyword2
1162,Legal case summary text 1162,low,0,medium,keyword1 keyword2
1163,Legal case summary text 1163,medium,0,medium,keyword1 keyword2
1164,Legal case summary text 1164,high,1,low,keyword1 keyword2
1165,Legal case summary text 1165,high,1,low,keyword1 keyword2
1166,Legal case summary text 1166,low,1,medium,keyword1 keyword2
1167,Legal case summary text 1167,medium,1,low,keyword1 keyword2
1168,Legal case summary text 1168,high,1,high,keyword1 keyword2
1169,Legal case summary text 1169,medium,0,low,keyword1 keyword2
1170,Legal case summary text 1170,medium,0,high,keyword1 keyword2
1171,Legal case summary text 1171,high,0,medium,keyword1 keyword2
1172,Legal case summary text 1172,low,0,medium,keyword1 keyword2
1173,Legal case summary text 1173,high,1,low,keyword1 keyword2
1174,Legal case summary text 1174,high,1,medium,keyword1 keyword2
1175,Legal case summary text 1175,high,0,low,keyword1 keyword2
1176,Legal case summary text 1176,low,0,medium,keyword1 keyword2
1177,Legal case summary text 1177,high,1,high,keyword1 keyword2
1178,Legal case summary text 1178,medium,0,medium,keyword1 keyword2
1179,Legal case summary text 1179,high,0,low,keyword1 keyword2
1180,Legal case summary text 1180,high,0,low,keyword1 keyword2
1181,Legal case summary text 1181,medium,1,low,keyword1 keyword2
1182,Legal case summary text 1182,low,0,low,keyword1 keyword2
1183,Legal case summary text 1183,medium,1,low,keyword1 keyword2
1184,Legal case summary text 1184,low,0,high,keyword1 keyword2
1185,Legal case summary text 1185,high,1,low,keyword1 keyword2
1186,Legal case summary text 1186,medium,1,medium,keyword1 keyword2
1187,Legal case summary text 1187,low,0,high,keyword1 keyword2
1188,Legal case summary text 1188,high,1,low,keyword1 keyword2
1189,Legal case summary text 1189,high,1,medium,keyword1 keyword2
1190,Legal case summary text 1190,medium,0,low,keyword1 keyword2
1191,Legal case summary text 1191,high,0,high,keyword1 keyword2
1192,Legal case summary text 1192,medium,1,high,keyword1 keyword2
1193,Legal case summary text 1193,low,1,medium,keyword1 keyword2
1194,Legal case summary text 1194,high,0,low,keyword1 keyword2
1195,Legal case summary text 1195,medium,0,low,keyword1 keyword2
1196,Legal case summary text 1196,low,0,high,keyword1 keyword2
1197,Legal case summary text 1197,low,1,medium,keyword1 keyword2
1198,Legal case summary text 1198,medium,0,medium,keyword1 keyword2
1199,Legal case summary text 1199,high,1,medium,keyword1 keyword2
1200,Legal case summary text 1200,low,0,low,keyword1 keyword2
